Date,Time,Time Between Videos,Seconds,Video ID,Liked
9/1/24,21:09:54,1:04,64,7405548387321335072,1
9/1/24,21:10:58,0:17,17,7409293196968185119,0
9/1/24,21:11:15,0:23,23,7408949884243528990,0
9/1/24,21:11:38,0:03,3,7409340717182618912,0
9/1/24,21:11:41,0:30,30,7409430454287240478,1
9/1/24,21:12:11,1:21,81,7407857826418199851,0
9/1/24,21:13:32,0:10,10,7409089764214721834,0
9/1/24,21:13:42,1:17,77,7408964625238199583,1
9/1/24,21:14:59,0:04,4,7407620333173247274,0
9/1/24,21:15:03,0:25,25,7409491316163284267,1
9/1/24,21:15:28,0:01,1,7406012934826102058,0
9/1/24,21:15:29,no data,no data,7409045527049850143,1
9/2/24,22:03:40,0:08,8,7409114288092171552,0
9/2/24,22:03:48,0:04,4,7409850449639066912,0
9/2/24,22:03:52,0:01,1,7400896581865639211,0
9/2/24,22:03:53,0:01,1,7408607472878882094,0
9/2/24,22:03:54,0:01,1,7409840603564985642,0
9/2/24,22:03:55,0:03,3,7407006780229733665,0
9/2/24,22:03:58,28:18:00,no data,7401639090665344286,0
9/2/24,22:32:16,0:02,2,7409161161918254337,0
9/2/24,22:32:16,0:00,0,7409675027374689566,0
9/2/24,22:32:18,0:02,2,7408762331791920414,0
9/2/24,22:32:20,0:14,14,7409807063477538081,0
9/2/24,22:32:34,0:01,1,7391907796817661201,0
9/2/24,22:32:35,0:02,2,7409375367657426206,0
9/2/24,22:32:37,0:03,3,7409162818433518894,0
9/2/24,22:32:40,0:04,4,7408770407194496298,0
9/2/24,22:32:44,0:13,13,7409467304947289374,0
9/2/24,22:32:57,0:03,3,7410154562100841774,0
9/2/24,22:33:00,0:01,1,7397817685733657872,0
9/2/24,22:33:01,0:14,14,7408766904485088554,0
9/2/24,22:33:15,0:02,2,7409588259556232480,0
9/2/24,22:33:17,0:01,1,7409300523158899998,0
9/2/24,22:33:18,0:05,5,7389723568667364626,0
9/2/24,22:33:23,0:12,12,7409534967815949598,0
9/2/24,22:33:35,0:01,1,7392001510676172049,0
9/2/24,22:33:36,0:35,35,7409320800630607147,0
9/2/24,22:34:11,0:01,1,7410172506956369182,0
9/2/24,22:34:12,0:11,11,7408780667288440106,0
9/2/24,22:34:23,0:44,44,7408997923960212766,0
9/2/24,22:35:07,0:05,5,7408675765619035438,0
9/2/24,22:35:12,0:01,1,7409550944196709649,0
9/2/24,22:35:13,0:10,10,7385909461484899600,0
9/2/24,22:35:23,0:01,1,7409439069039791406,0
9/2/24,22:35:24,0:06,6,7409771267420638510,0
9/2/24,22:35:30,0:10,10,7408559989431848234,0
9/2/24,22:35:40,0:09,9,7409390495320984878,0
9/2/24,22:35:49,0:52,52,7383414435601288478,0
9/2/24,22:36:41,0:14,14,7408670934036466974,0
9/2/24,22:36:55,0:27,27,7408343766525840686,0
9/2/24,22:37:22,0:16,16,7408791939396488478,0
9/2/24,22:37:38,0:08,8,7409138391805185310,0
9/2/24,22:37:46,0:03,3,7408296066790985002,0
9/2/24,22:37:49,0:32,32,7383450315451927851,0
9/2/24,22:38:21,0:01,1,7408945577649638698,0
9/2/24,22:38:22,0:05,5,7407890910320561439,0
9/2/24,22:38:27,0:13,13,7409418908060372266,0
9/2/24,22:38:40,0:08,8,7407532463133625630,0
9/2/24,22:38:48,0:06,6,7408725965477580038,0
9/2/24,22:38:54,0:01,1,7389266472125680913,0
9/2/24,22:38:55,0:06,6,7403388855950396702,0
9/2/24,22:39:01,0:43,43,7409093337220795690,1
9/2/24,22:39:44,0:06,6,7409459443328355627,0
9/2/24,22:39:50,1:49,109,7407653938020764959,0
9/2/24,22:41:39,0:01,1,7405729614351437057,0
9/2/24,22:41:40,0:16,16,7403760053427227947,0
9/2/24,22:41:56,0:07,7,7409266372183674142,0
9/2/24,22:42:03,0:07,7,7409433754944720174,0
9/2/24,22:42:10,0:01,1,7408692017791814955,0
9/2/24,22:42:11,0:10,10,7408196735463509294,0
9/2/24,22:42:21,0:31,31,7379386881429163310,1
9/2/24,22:42:52,0:39,39,7409822864477523230,0
9/2/24,22:43:31,0:05,5,7404320401012165918,0
9/2/24,22:43:36,0:17,17,7389840135887637761,0
9/2/24,22:43:36,0:00,0,7404821433970461998,0
9/2/24,22:43:53,0:18,18,7408572062509403422,0
9/2/24,22:44:11,0:06,6,7408936302487457070,0
9/2/24,22:44:17,0:09,9,7403515753896430890,0
9/2/24,22:44:26,26:39:00,no data,7407472730498485534,0
9/2/24,23:11:05,0:23,23,7410157523803704622,0
9/2/24,23:11:28,0:47,47,7409030551870459137,0
9/2/24,23:11:28,0:00,0,7382275452364197150,0
9/2/24,23:12:15,0:27,27,7409324284847328555,0
9/2/24,23:12:42,0:04,4,7409372048054570283,0
9/2/24,23:12:46,0:15,15,7406347599864745247,0
9/2/24,23:13:01,0:02,2,7407824384993266990,0
9/2/24,23:13:03,0:09,9,7408121693614525728,0
9/2/24,23:13:12,0:07,7,7394028838868503840,0
9/2/24,23:13:19,0:01,1,7399756083234917664,0
9/2/24,23:13:20,0:05,5,7410171866314231071,0
9/2/24,23:13:25,0:21,21,7409674348182785310,0
9/2/24,23:13:46,0:12,12,7409780128097750318,0
9/2/24,23:13:58,0:02,2,7409024755354848542,0
9/2/24,23:14:00,0:07,7,7409372891432701215,0
9/2/24,23:14:07,0:03,3,7409362834573888799,0
9/2/24,23:14:10,0:20,20,7408038937924603166,0
9/2/24,23:14:30,0:01,1,7409489863365414186,0
9/2/24,23:14:31,0:01,1,7408596841543093535,0
9/2/24,23:14:32,0:09,9,7394953254905318689,0
9/2/24,23:14:41,0:14,14,7409448109853429038,0
9/2/24,23:14:55,0:11,11,7408890052564094226,0
9/2/24,23:15:06,0:08,8,7409394427308920106,0
9/2/24,23:15:14,0:05,5,7409447499636788523,0
9/2/24,23:15:19,0:09,9,7406032892834483473,0
9/2/24,23:15:19,0:00,0,7408530409077853473,0
9/2/24,23:15:28,0:16,16,7407766791646121236,0
9/2/24,23:15:44,0:03,3,7404123056295169311,0
9/2/24,23:15:47,0:06,6,7410119421055782174,0
9/2/24,23:15:53,0:34,34,7407908906061548843,0
9/2/24,23:16:27,0:15,15,7409755377752902919,0
9/2/24,23:16:42,0:15,15,7409395197223701790,0
9/2/24,23:16:57,0:02,2,7402362567554829598,0
9/2/24,23:16:59,0:03,3,7409545266291903750,0
9/2/24,23:17:02,0:03,3,7405340346487409951,0
9/2/24,23:17:05,0:14,14,7409291236424600862,0
9/2/24,23:17:19,0:08,8,7408605942482226463,0
9/2/24,23:17:27,0:10,10,7409150619476364586,0
9/2/24,23:17:37,0:01,1,7406428776797621520,0
9/2/24,23:17:38,0:08,8,7377443830603304238,0
9/2/24,23:17:46,0:09,9,7409483170321665310,0
9/2/24,23:17:55,0:01,1,7377479341355109674,0
9/2/24,23:17:56,0:13,13,7408621631557422366,0
9/2/24,23:18:09,0:17,17,7405383637518028063,0
9/2/24,23:18:26,0:01,1,7401062438734449937,0
9/2/24,23:18:27,0:01,1,7405322149243735339,0
9/2/24,23:18:28,0:41,41,7409123172076801311,0
9/2/24,23:19:09,0:25,25,7409936579692711200,0
9/2/24,23:19:34,0:01,1,7404958864841461009,0
9/2/24,23:19:35,0:01,1,7408951027946245419,0
9/2/24,23:19:36,0:09,9,7408659099279281439,0
9/2/24,23:19:45,0:05,5,7409823693175655710,0
9/2/24,23:19:50,0:03,3,7382662183357779233,0
9/2/24,23:19:53,0:48,48,7408667287189835050,0
9/2/24,23:20:41,0:10,10,7409512294448729375,0
9/2/24,23:20:51,0:10,10,7382489583331675400,0
9/2/24,23:21:01,0:01,1,7400476210662329601,0
9/2/24,23:21:02,0:03,3,7408195520163745057,0
9/2/24,23:21:05,0:02,2,7383217879719742762,0
9/2/24,23:21:07,0:07,7,7382755574531869985,0
9/2/24,23:21:14,0:37,37,7408708205347474730,0
9/2/24,23:21:51,0:03,3,7408621459691621675,0
9/2/24,23:21:54,0:01,1,7408961433003625770,0
9/2/24,23:21:55,0:02,2,7408386606526172447,0
9/2/24,23:21:57,0:01,1,7390088350121725201,0
9/2/24,23:21:58,0:02,2,7404989773003099422,0
9/2/24,23:22:00,0:09,9,7404226304813419806,0
9/2/24,23:22:09,0:10,10,7406332350528884011,0
9/2/24,23:22:19,0:41,41,7408612165290118433,0
9/2/24,23:23:00,0:16,16,7409550252409179422,0
9/2/24,23:23:16,0:04,4,7408745047732047150,0
9/2/24,23:23:20,0:10,10,7404961439296851205,0
9/2/24,23:23:30,0:03,3,7403519584499797291,0
9/2/24,23:23:33,0:10,10,7407495299280719150,0
9/2/24,23:23:43,0:01,1,7397187533647383839,0
9/2/24,23:23:44,0:13,13,7409115381085900075,0
9/2/24,23:23:57,0:09,9,7409415087246675246,0
9/2/24,23:24:06,0:04,4,7410146944816876846,0
9/2/24,23:24:10,0:09,9,7410188032009080107,0
9/2/24,23:24:19,0:13,13,7406463597263539502,0
9/2/24,23:24:32,0:01,1,7402336097486884097,0
9/2/24,23:24:33,0:04,4,7394765793315065120,0
9/2/24,23:24:37,0:27,27,7404982070004501803,0
9/2/24,23:25:04,0:07,7,7408935243371138346,0
9/2/24,23:25:11,0:01,1,7394989321213742379,0
9/2/24,23:25:12,0:04,4,7409872510453320991,0
9/2/24,23:25:16,0:07,7,7399319025840393503,0
9/2/24,23:25:23,0:06,6,7404839107765095722,0
9/2/24,23:25:29,0:07,7,7401087378003102993,0
9/2/24,23:25:29,0:00,0,7404383873708166443,0
9/2/24,23:25:36,0:01,1,7409788416503663903,0
9/2/24,23:25:37,0:18,18,7409072470956789034,0
9/2/24,23:25:55,0:01,1,7400164325530307856,0
9/2/24,23:25:56,0:23,23,7399084193143065899,0
9/2/24,23:26:19,0:08,8,7409013504176393502,0
9/2/24,23:26:27,0:08,8,7371512559502937361,0
9/2/24,23:26:27,0:00,0,7409380099579022634,0
9/2/24,23:26:35,0:07,7,7396166952449740062,0
9/2/24,23:26:42,0:01,1,7406745212304805121,0
9/2/24,23:26:43,0:07,7,7403940470247705898,0
9/2/24,23:26:50,0:01,1,7403556629632814378,0
9/2/24,23:26:51,0:01,1,7405300543641357585,0
9/2/24,23:26:52,0:04,4,7404351734589558047,0
9/2/24,23:26:56,0:08,8,7399102274078805278,0
9/2/24,23:27:04,0:18,18,7409515415929441567,0
9/2/24,23:27:22,0:07,7,7409696215945907502,0
9/2/24,23:27:29,0:08,8,7408781287231638827,0
9/2/24,23:27:37,0:12,12,7409499163177635114,0
9/2/24,23:27:49,0:24,24,7408663208396967198,0
9/2/24,23:28:13,0:01,1,7407810555882261777,0
9/2/24,23:28:14,0:07,7,7409468937324219690,0
9/2/24,23:28:21,0:01,1,7406210609144040750,0
9/2/24,23:28:22,0:02,2,7408190814741908766,0
9/2/24,23:28:24,0:01,1,7407587486555213086,0
9/2/24,23:28:25,no data,no data,7397120447797611809,0
9/3/24,1:20:34,0:05,5,7409438316170349866,0
9/3/24,1:20:39,0:09,9,7408997425223896366,0
9/3/24,1:20:48,0:18,18,7409656648207174942,0
9/3/24,1:21:06,0:07,7,7408943416018619678,0
9/3/24,1:21:13,0:22,22,7410060842458172703,0
9/3/24,1:21:35,0:07,7,7408722509056462122,0
9/3/24,1:21:42,0:53,53,7407426664616971552,0
9/3/24,1:22:35,0:07,7,7409849765741088031,0
9/3/24,1:22:42,0:12,12,7408810598793792776,0
9/3/24,1:22:54,0:01,1,7391907799380397313,0
9/3/24,1:22:55,0:08,8,7409335623947013407,0
9/3/24,1:23:03,0:16,16,7409754669729205535,0
9/3/24,1:23:19,0:13,13,7408898515826527518,0
9/3/24,1:23:32,0:20,20,7380561979095780624,0
9/3/24,1:23:32,0:00,0,7409326335744609567,0
9/3/24,1:23:52,0:07,7,7410157469969763626,0
9/3/24,1:23:59,0:11,11,7394987952746564895,0
9/3/24,1:24:10,0:06,6,7402355855552777504,0
9/3/24,1:24:16,0:08,8,7409414085965548831,0
9/3/24,1:24:24,0:08,8,7407499942652136747,0
9/3/24,1:24:32,0:17,17,7408975340254547243,0
9/3/24,1:24:49,0:02,2,7389731879572000046,0
9/3/24,1:24:51,0:24,24,7408353389911854367,0
9/3/24,1:25:15,0:02,2,7410069986284260654,0
9/3/24,1:25:17,0:09,9,7405354298571377950,0
9/3/24,1:25:26,0:05,5,7409016565582023941,0
9/3/24,1:25:31,0:02,2,7408907321889344798,0
9/3/24,1:25:33,0:10,10,7409339149506972933,0
9/3/24,1:25:43,0:19,19,7407566252593433862,0
9/3/24,1:26:02,0:07,7,7386301797540973867,0
9/3/24,1:26:02,0:00,0,7404263498458402054,0
9/3/24,1:26:09,0:50,50,7406719085071060270,0
9/3/24,1:26:59,0:11,11,7407256066687241502,0
9/3/24,1:27:10,0:02,2,7397386219262463240,0
9/3/24,1:27:12,0:19,19,7403897868693572910,0
9/3/24,1:27:31,0:10,10,7409336482030210336,0
9/3/24,1:27:41,0:12,12,7408923442675797278,0
9/3/24,1:27:53,0:23,23,7401119220248907038,0
9/3/24,1:28:16,0:03,3,7410198715924811039,0
9/3/24,1:28:19,0:07,7,7404562897482812718,0
9/3/24,1:28:26,0:01,1,7340430463821008130,0
9/3/24,1:28:27,0:02,2,7403919918720191787,0
9/3/24,1:28:29,0:04,4,7408587732575866142,0
9/3/24,1:28:33,1:05,65,7408999443057511726,0
9/3/24,1:29:38,0:06,6,7408336421968219435,0
9/3/24,1:29:44,0:09,9,7331200067501608235,0
9/3/24,1:29:53,0:08,8,7402404500847217951,0
9/3/24,1:30:01,0:18,18,7409009212489239854,1
9/3/24,1:30:19,0:01,1,7407520716557536529,0
9/3/24,1:30:20,0:12,12,7403809086535437611,0
9/3/24,1:30:32,0:01,1,7409777345290112262,0
9/3/24,1:30:33,0:01,1,7384553022711532830,0
9/3/24,1:30:34,21:51,no data,7408711222536817962,0
9/3/24,1:52:25,0:13,13,7408682927971781919,0
9/3/24,1:52:38,0:01,1,7407965635474509099,0
9/3/24,1:52:39,0:12,12,7407892193085656366,0
9/3/24,1:52:51,0:06,6,7407936487880232225,0
9/3/24,1:52:57,0:06,6,7404681598828023086,0
9/3/24,1:53:03,0:01,1,7397464321162349841,0
9/3/24,1:53:04,0:09,9,7403852155540557087,0
9/3/24,1:53:13,0:09,9,7403947380690799902,0
9/3/24,1:53:22,0:06,6,7409041400588815659,0
9/3/24,1:53:28,0:35,35,7409049175154904363,0
9/3/24,1:54:03,0:25,25,7408993251690073374,0
9/3/24,1:54:28,0:12,12,7409363272685702433,0
9/3/24,1:54:40,0:19,19,7407870424840719647,0
9/3/24,1:54:59,0:52,52,7408702910139305222,0
9/3/24,1:55:51,0:04,4,7406389538215726382,0
9/3/24,1:55:55,0:24,24,7408497088008359199,0
9/3/24,1:56:19,0:10,10,7405227549946563872,0
9/3/24,1:56:29,0:02,2,7392015614245653791,0
9/3/24,1:56:31,0:34,34,7401243283919244590,0
9/3/24,1:57:05,0:10,10,7407613507451063557,0
9/3/24,1:57:15,0:01,1,7408567648658672897,0
9/3/24,1:57:16,0:05,5,7407823884164025642,0
9/3/24,1:57:21,0:33,33,7403119966997843205,0
9/3/24,1:57:54,0:07,7,7409435585212845354,0
9/3/24,1:58:01,0:14,14,7408975209665023275,0
9/3/24,1:58:15,0:16,16,7410122761370209582,0
9/3/24,1:58:31,0:06,6,7408155448508960016,0
9/3/24,1:58:37,0:12,12,7409431635680169246,0
9/3/24,1:58:49,0:10,10,7400839640334224686,0
9/3/24,1:58:59,10:00,no data,7408282459026001195,0
9/3/24,3:08:59,0:22,22,7407954909737504046,0
9/3/24,3:09:21,0:01,1,7405638389812251921,0
9/3/24,3:09:22,0:12,12,7406475208195902762,0
9/3/24,3:09:34,0:08,8,7408637446709054750,0
9/3/24,3:09:42,0:09,9,7408429670124784926,0
9/3/24,3:09:51,0:22,22,7382809990886657297,0
9/3/24,3:10:13,0:16,16,7407693234589388037,0
9/3/24,3:10:29,0:11,11,7404967263385767214,0
9/3/24,3:10:40,0:07,7,7409323837495512366,0
9/3/24,3:10:47,0:02,2,7408945577649638698,0
9/3/24,3:10:49,0:04,4,7394333147426508074,0
9/3/24,3:10:53,0:04,4,7409339860487556398,0
9/3/24,3:10:57,4:33,273,7409488741355523374,0
9/3/24,3:15:30,1:19,79,7388714297418927367,0
9/3/24,3:16:49,0:01,1,7392001510676172049,0
9/3/24,3:16:50,0:11,11,7409024093871181099,0
9/3/24,3:17:01,0:02,2,7403573504395791662,0
9/3/24,3:17:03,0:01,1,7401086814598991105,0
9/3/24,3:17:04,0:02,2,7404701116224572714,0
9/3/24,3:17:06,0:12,12,7409431457363414314,0
9/3/24,3:17:18,0:11,11,7408416797290024234,0
9/3/24,3:17:29,0:06,6,7397109163467230480,0
9/3/24,3:17:35,0:02,2,7397540537147870507,0
9/3/24,3:17:37,0:02,2,7404233107152457002,0
9/3/24,3:17:39,0:01,1,7374798643884313872,0
9/3/24,3:17:40,0:08,8,7404574642284793131,0
9/3/24,3:17:48,0:08,8,7405304899602238753,0
9/3/24,3:17:56,0:08,8,7408926394509577502,0
9/3/24,3:18:04,0:01,1,7406032892834483473,0
9/3/24,3:18:05,0:10,10,7408644350919363871,0
9/3/24,3:18:15,0:08,8,7407597466880576799,0
9/3/24,3:18:23,0:01,1,7397537670403984657,0
9/3/24,3:18:24,0:11,11,7390092529321938219,0
9/3/24,3:18:35,0:12,12,7409813280631409966,0
9/3/24,3:18:47,0:02,2,7389326667057040682,0
9/3/24,3:18:49,0:21,21,7407016885042171167,0
9/3/24,3:19:10,0:44,44,7409743686092754206,0
9/3/24,3:19:54,0:05,5,7399052153500994862,0
9/3/24,3:19:59,0:14,14,7409693131991551274,0
9/3/24,3:20:13,0:08,8,7408238798154370350,0
9/3/24,3:20:21,0:03,3,7409332136102382894,0
9/3/24,3:20:24,0:03,3,7409037611794238762,0
9/3/24,3:20:27,0:05,5,7397099440047148331,0
9/3/24,3:20:32,0:02,2,7408647087316913424,0
9/3/24,3:20:34,0:03,3,7409749678377717038,0
9/3/24,3:20:37,0:04,4,7384888142546930950,0
9/3/24,3:20:41,0:16,16,7378074121114209582,0
9/3/24,3:20:57,0:01,1,7380114985252293889,0
9/3/24,3:20:58,0:12,12,7378305123962998059,0
9/3/24,3:21:10,0:14,14,7408939727543487774,0
9/3/24,3:21:24,0:08,8,7409902440184679726,0
9/3/24,3:21:32,0:30,30,7389048615639043358,0
9/3/24,3:22:02,0:02,2,7398163068267580715,0
9/3/24,3:22:04,0:06,6,7409742461641346350,0
9/3/24,3:22:10,0:07,7,7409918627950136622,0
9/3/24,3:22:17,0:01,1,7284297040476130603,0
9/3/24,3:22:18,0:02,2,7397029564146371882,0
9/3/24,3:22:20,0:01,1,7410144116207521067,0
9/3/24,3:22:21,0:02,2,7369752896604359979,0
9/3/24,3:22:23,0:03,3,7404763335843056942,0
9/3/24,3:22:26,0:17,17,7409348711681150251,0
9/3/24,3:22:43,0:01,1,7397455381099859217,0
9/3/24,3:22:44,27:25:00,no data,7406534155573677358,0
9/3/24,3:50:09,0:05,5,7409443932129578283,0
9/3/24,3:50:14,0:03,3,7291037585340763434,0
9/3/24,3:50:17,0:09,9,7408268933230234922,0
9/3/24,3:50:26,0:05,5,7405638386037443857,0
9/3/24,3:50:31,0:33,33,7408622786878410015,0
9/3/24,3:51:04,0:07,7,7409893681378921758,0
9/3/24,3:51:11,0:12,12,7408717949999254830,0
9/3/24,3:51:23,0:08,8,7409781864682065198,0
9/3/24,3:51:31,0:17,17,7380035783924731141,0
9/3/24,3:51:48,0:02,2,7405795668683394309,0
9/3/24,3:51:50,0:07,7,7408627342764969262,0
9/3/24,3:51:57,0:12,12,7408772280391666977,0
9/3/24,3:52:09,0:13,13,7404640645077404958,0
9/3/24,3:52:22,0:16,16,7406474401820167470,0
9/3/24,3:52:38,0:25,25,7409703320496917792,0
9/3/24,3:53:03,0:10,10,7408359688808566022,0
9/3/24,3:53:13,0:04,4,7395017713514532138,0
9/3/24,3:53:17,0:04,4,7407972088037821739,0
9/3/24,3:53:21,0:14,14,7401615733253262634,0
9/3/24,3:53:35,0:08,8,7408526668131798304,0
9/3/24,3:53:43,0:14,14,7405890768558132487,0
9/3/24,3:53:57,0:02,2,7409069550861372689,0
9/3/24,3:53:59,0:14,14,7410118739443731758,0
9/3/24,3:54:13,0:08,8,7404197232276294920,0
9/3/24,3:54:21,0:18,18,7380809755868155179,0
9/3/24,3:54:39,0:05,5,7378253092770417937,0
9/3/24,3:54:44,0:04,4,7403154174562536735,0
9/3/24,3:54:48,0:24,24,7395206371051916574,0
9/3/24,3:55:12,0:09,9,7408034186499525931,0
9/3/24,3:55:21,48:34:00,no data,7408728738738818335,0
9/3/24,4:43:55,0:41,41,7408492641823853856,1
9/3/24,4:44:36,0:05,5,7394883526946000170,0
9/3/24,4:44:41,0:16,16,7398300541006122271,0
9/3/24,4:44:57,0:23,23,7387536813499419920,0
9/3/24,4:44:57,0:00,0,7408948598995569950,1
9/3/24,4:45:20,0:03,3,7410176912519154987,0
9/3/24,4:45:23,0:17,17,7409320908059462942,0
9/3/24,4:45:40,0:11,11,7409754225409854753,0
9/3/24,4:45:51,0:18,18,7405989439463230762,0
9/3/24,4:46:09,0:04,4,7410001844803521824,0
9/3/24,4:46:13,0:31,31,7385422622382705962,1
9/3/24,4:46:44,0:02,2,7394987864251223342,0
9/3/24,4:46:46,0:13,13,7409403165012921631,0
9/3/24,4:46:59,0:08,8,7408980825913576747,0
9/3/24,4:47:07,0:07,7,7410127283270290734,0
9/3/24,4:47:14,0:04,4,7408066973222915371,0
9/3/24,4:47:18,0:17,17,7406468771898035487,0
9/3/24,4:47:35,0:13,13,7398234263088287008,0
9/3/24,4:47:48,0:10,10,7401587657865825569,0
9/3/24,4:47:58,0:11,11,7408707112605404434,0
9/3/24,4:48:09,0:12,12,7409773711387086110,0
9/3/24,4:48:21,0:03,3,7408134335036935441,0
9/3/24,4:48:24,0:12,12,7409067447384313106,0
9/3/24,4:48:36,0:05,5,7409486691473411358,0
9/3/24,4:48:41,0:16,16,7408227199393778960,0
9/3/24,4:48:57,0:01,1,7409048366870514974,0
9/3/24,4:48:58,0:10,10,7390861576032488736,0
9/3/24,4:49:08,0:19,19,7403922315903356190,0
9/3/24,4:49:27,0:07,7,7409157474185530654,0
9/3/24,4:49:34,0:16,16,7407131321333566751,0
9/3/24,4:49:50,0:01,1,7386669622415723792,0
9/3/24,4:49:51,0:14,14,7402786474531441966,0
9/3/24,4:50:05,0:02,2,7410256907358719263,0
9/3/24,4:50:07,0:33,33,7384081007844150570,0
9/3/24,4:50:40,0:08,8,7409393288035388718,0
9/3/24,4:50:48,0:06,6,7408357253851516193,0
9/3/24,4:50:54,0:03,3,7409507852584242474,0
9/3/24,4:50:57,0:11,11,7409619406587710753,0
9/3/24,4:51:08,0:10,10,7408320448951307550,0
9/3/24,4:51:18,0:01,1,7409033741273746704,0
9/3/24,4:51:19,0:01,1,7409511995201965354,0
9/3/24,4:51:20,0:02,2,7409758046554983726,0
9/3/24,4:51:22,0:15,15,7407688383662787882,0
9/3/24,4:51:37,0:12,12,7408962498755431726,0
9/3/24,4:51:49,0:35,35,7408673276509162782,0
9/3/24,4:52:24,0:25,25,7407872086263303455,0
9/3/24,4:52:49,0:24,24,7409118221556534571,0
9/3/24,4:53:13,30:08:00,no data,7399957902666059009,0
9/3/24,6:23:21,0:01,1,7403414382182534431,0
9/3/24,6:23:21,0:00,0,7403459433147157792,0
9/3/24,6:23:22,0:09,9,7394503663332494625,0
9/3/24,6:23:31,0:26,26,7403038121475968287,0
9/3/24,6:23:57,0:01,1,7407824384993266990,0
9/3/24,6:23:58,0:04,4,7403883147831594286,0
9/3/24,6:24:02,0:24,24,7408961627606846753,0
9/3/24,6:24:26,0:09,9,7406432457228094766,0
9/3/24,6:24:35,0:18,18,7409510683022232837,0
9/3/24,6:24:53,0:08,8,7409364788893060383,0
9/3/24,6:25:01,0:11,11,7392035457757908254,0
9/3/24,6:25:12,0:16,16,7405400709534911774,0
9/3/24,6:25:28,0:13,13,7408777809008643359,0
9/3/24,6:25:41,0:08,8,7410208651241065759,0
9/3/24,6:25:49,0:09,9,7399717243594034463,0
9/3/24,6:25:58,0:18,18,7409395374533725486,0
9/3/24,6:26:16,0:37,37,7409373887286349102,0
9/3/24,6:26:53,0:02,2,7356312588826791211,0
9/3/24,6:26:55,0:29,29,7409289568639339784,0
9/3/24,6:27:24,0:06,6,7410265841918561582,0
9/3/24,6:27:30,0:27,27,7406473797815029034,0
9/3/24,6:27:57,0:23,23,7386418308498738475,0
9/3/24,6:28:20,0:04,4,7409355362584808734,0
9/3/24,6:28:24,0:16,16,7400226690892320043,0
9/3/24,6:28:40,0:23,23,7405954441494514986,0
9/3/24,6:29:03,0:08,8,7408925530344508689,0
9/3/24,6:29:03,0:00,0,7377130591961074986,0
9/3/24,6:29:11,0:03,3,7410009491942690094,0
9/3/24,6:29:14,0:04,4,7408541253366779178,0
9/3/24,6:29:18,1:52,112,7406156085863664903,1
9/3/24,6:31:10,0:06,6,7410040413161098542,0
9/3/24,6:31:16,0:15,15,7404665420797627694,0
9/3/24,6:31:31,0:10,10,7406935587678063903,0
9/3/24,6:31:41,0:16,16,7409752973695356190,0
9/3/24,6:31:57,0:02,2,7402362567554829598,0
9/3/24,6:31:59,0:20,20,7410067310163053866,0
9/3/24,6:32:19,0:05,5,7398219122942790945,0
9/3/24,6:32:24,0:10,10,7382650975011556650,0
9/3/24,6:32:34,0:01,1,7407882922855763231,0
9/3/24,6:32:35,0:11,11,7409706983261015328,0
9/3/24,6:32:46,0:20,20,7406473954103201066,0
9/3/24,6:33:06,0:05,5,7404381142666792198,0
9/3/24,6:33:11,0:01,1,7390102494371728686,0
9/3/24,6:33:12,0:03,3,7404384552258489631,0
9/3/24,6:33:15,0:12,12,7409691447521266990,0
9/3/24,6:33:27,0:02,2,7407177827495300382,0
9/3/24,6:33:29,0:09,9,7401223776664341803,0
9/3/24,6:33:38,0:04,4,7410110681401281823,0
9/3/24,6:33:42,0:11,11,7384542455284174122,0
9/3/24,6:33:53,0:06,6,7408991624396590366,0
9/3/24,6:33:59,0:10,10,7407494373719559467,0
9/3/24,6:34:09,0:10,10,7409357471325719850,0
9/3/24,6:34:19,0:01,1,7402336097486884097,0
9/3/24,6:34:20,0:25,25,7409768841066106143,0
9/3/24,6:34:45,0:18,18,7410125560845798686,0
9/3/24,6:35:03,0:10,10,7408983306592718122,0
9/3/24,6:35:13,0:06,6,7404931970326596910,0
9/3/24,6:35:19,0:14,14,7410060487498468641,0
9/3/24,6:35:33,0:04,4,7409346912677236014,0
9/3/24,6:35:37,0:02,2,7410271808571641119,0
9/3/24,6:35:39,0:10,10,7409451599422278958,0
9/3/24,6:35:49,0:01,1,7403349367987391775,0
9/3/24,6:35:50,0:02,2,7409796755908332833,0
9/3/24,6:35:52,0:56,56,7405715033327521055,0
9/3/24,22:36:48,0:06,6,7390172446416047403,0
9/3/24,22:36:54,0:11,11,7410492262590729515,0
9/3/24,22:37:05,0:05,5,7410299256474570026,0
9/3/24,22:37:10,0:01,1,7407292485220830481,0
9/3/24,22:37:11,0:20,20,7405739270901599531,0
9/3/24,22:37:31,0:11,11,7409878011383713066,0
9/3/24,22:37:42,0:45,45,7410523490551336234,0
9/3/24,22:38:27,0:03,3,7409289716845006081,0
9/3/24,22:38:30,0:26,26,7402288931573714208,0
9/3/24,22:38:56,12:47,no data,7409925434990660895,0
9/3/24,22:51:43,1:48,108,7410083603339545898,0
9/3/24,22:53:31,0:01,1,7406032339932810513,0
9/3/24,22:53:32,0:03,3,7409883731957255455,0
9/3/24,22:53:35,0:13,13,7409450995891129630,0
9/3/24,22:53:48,0:20,20,7410483596571495711,0
9/3/24,22:54:08,0:11,11,7409716585025244448,0
9/3/24,22:54:19,0:04,4,7410062127513259294,0
9/3/24,22:54:23,0:01,1,7384161870745324817,0
9/3/24,22:54:24,0:46,46,7410221185012600094,0
9/3/24,22:55:10,0:12,12,7410132451588197638,0
9/3/24,22:55:22,0:03,3,7408226945122503982,0
9/3/24,22:55:25,0:08,8,7410120099199307050,0
9/3/24,22:55:33,0:05,5,7409749030894406942,0
9/3/24,22:55:38,0:01,1,7407984574271196432,0
9/3/24,22:55:39,0:33,33,7410163254460222750,0
9/3/24,22:56:12,11:45,no data,7409479956566281518,0
9/3/24,23:07:57,0:21,21,7409013390288358702,0
9/3/24,23:08:18,0:27,27,7409825190521359662,0
9/3/24,23:08:45,0:05,5,7406540486669896990,0
9/3/24,23:08:50,0:05,5,7400051002663128337,0
9/3/24,23:08:50,0:00,0,7407146411470458154,0
9/3/24,23:08:55,0:20,20,7409851258821086510,0
9/3/24,23:09:15,0:16,16,7410061118581919019,0
9/3/24,23:09:31,0:11,11,7409848416869600518,0
9/3/24,23:09:42,0:01,1,7390043632105049361,0
9/3/24,23:09:43,0:06,6,7407076618927181102,0
9/3/24,23:09:49,1:06,66,7409886976171691294,0
9/3/24,23:10:55,0:04,4,7410166244243967263,0
9/3/24,23:10:59,0:07,7,7409688450053573931,0
9/3/24,23:11:06,0:03,3,7399998123491200288,0
9/3/24,23:11:09,0:01,1,7395401366417542430,0
9/3/24,23:11:10,0:05,5,7410455336450100510,0
9/3/24,23:11:15,0:16,16,7410272576158698795,0
9/3/24,23:11:31,0:03,3,7407137846760459551,0
9/3/24,23:11:34,0:05,5,7409884853061127454,0
9/3/24,23:11:39,0:20,20,7399459336923122975,0
9/3/24,23:11:59,0:01,1,7407542446877445392,0
9/3/24,23:12:00,0:06,6,7406363347563695406,0
9/3/24,23:12:06,24:37:00,no data,7407774384045231392,0
9/3/24,23:36:43,0:04,4,7403424949257473310,0
9/3/24,23:36:47,0:25,25,7409758352835775790,0
9/3/24,23:37:12,0:15,15,7406895880764165418,1
9/3/24,23:37:27,0:02,2,7296853597361327403,0
9/3/24,23:37:29,0:10,10,7402901786773998881,0
9/3/24,23:37:39,0:28,28,7410159065818615082,0
9/3/24,23:38:07,0:21,21,7404400919372107016,0
9/3/24,23:38:28,0:04,4,7398529249990249760,0
9/3/24,23:38:32,0:07,7,7405591730210213151,0
9/3/24,23:38:39,0:01,1,7408594801991404801,0
9/3/24,23:38:40,0:04,4,7404961303942417706,0
9/3/24,23:38:44,0:02,2,7408222446165282078,0
9/3/24,23:38:46,0:08,8,7409477525010648351,0
9/3/24,23:38:54,0:12,12,7410115385095146784,0
9/3/24,23:39:06,no data,no data,7410239067205405983,0
9/4/24,2:59:11,0:17,17,7409663979859103009,0
9/4/24,2:59:28,0:04,4,7409270009169562912,0
9/4/24,2:59:32,0:13,13,7409385777366404398,0
9/4/24,2:59:45,0:02,2,7407292492623695121,0
9/4/24,2:59:47,0:10,10,7407527700023250219,0
9/4/24,2:59:57,0:04,4,7410550553169644843,0
9/4/24,3:00:01,0:04,4,7387835622225988880,0
9/4/24,3:00:05,0:29,29,7410394858424110368,0
9/4/24,3:00:34,0:19,19,7400868061353430305,0
9/4/24,3:00:53,0:12,12,7408367471528348934,0
9/4/24,3:01:05,0:03,3,7379596728015621418,0
9/4/24,3:01:08,0:09,9,7408724133669883166,0
9/4/24,3:01:17,0:09,9,7407400945325329697,0
9/4/24,3:01:26,0:07,7,7408603088010890542,0
9/4/24,3:01:33,0:15,15,7394616252255178015,0
9/4/24,3:01:48,0:02,2,7410581506634157354,0
9/4/24,3:01:50,0:04,4,7410518813021637930,0
9/4/24,3:01:54,0:03,3,7408721907803114798,0
9/4/24,3:01:57,0:24,24,7410446580370705707,0
9/4/24,3:02:21,0:01,1,7408643996739800336,0
9/4/24,3:02:22,0:27,27,7409130905102503174,0
9/4/24,3:02:49,0:10,10,7381281396607749407,0
9/4/24,3:02:59,0:03,3,7410282552939842846,0
9/4/24,3:03:02,0:02,2,7410349580413373727,0
9/4/24,3:03:04,0:06,6,7409880200105790762,0
9/4/24,3:03:10,0:09,9,7410104074315730222,0
9/4/24,3:03:19,0:02,2,7410535018461777194,0
9/4/24,3:03:21,0:01,1,7409052490773138689,0
9/4/24,3:03:22,1:13,73,7408586699959258401,0
9/4/24,3:04:35,0:01,1,7410611334003412267,0
9/4/24,3:04:36,0:01,1,7400870815325015313,0
9/4/24,3:04:37,0:17,17,7410115651144125729,1
9/4/24,3:04:54,0:08,8,7410225913377377566,0
9/4/24,3:05:02,0:01,1,7407984574271196432,0
9/4/24,3:05:03,0:26,26,7409273866700246305,0
9/4/24,3:05:29,0:24,24,7406086642315922731,0
9/4/24,3:05:53,0:03,3,7397470383554694401,0
9/4/24,3:05:53,0:00,0,7410192266645490975,0
9/4/24,3:05:56,0:01,1,7409521929448738081,0
9/4/24,3:05:57,0:02,2,7409838427031555329,0
9/4/24,3:05:59,0:01,1,7410614160528051498,0
9/4/24,3:06:00,0:03,3,7408498559387012368,0
9/4/24,3:06:03,0:01,1,7406460033531219216,0
9/4/24,3:06:04,0:46,46,7410407396826271008,1
9/4/24,3:06:50,0:14,14,7408534855165709601,0
9/4/24,3:07:04,0:03,3,7382291803980041489,0
9/4/24,3:07:07,0:12,12,7409352185923816746,0
9/4/24,3:07:19,0:09,9,7409348508915928350,0
9/4/24,3:07:28,0:10,10,7410226583748840746,0
9/4/24,3:07:38,0:06,6,7409683535604321569,0
9/4/24,3:07:44,0:03,3,7409373218701708577,0
9/4/24,3:07:47,0:19,19,7410436751824637215,0
9/4/24,3:08:06,0:06,6,7408614923271458091,0
9/4/24,3:08:12,0:11,11,7410030026936028446,0
9/4/24,3:08:23,0:08,8,7400450364786380050,0
9/4/24,3:08:31,0:01,1,7408636933125000491,0
9/4/24,3:08:32,0:09,9,7391876069302766878,0
9/4/24,3:08:41,0:12,12,7391240802153811230,0
9/4/24,3:08:53,0:13,13,7409131888595471646,0
9/4/24,3:09:06,0:07,7,7409364156517731616,0
9/4/24,3:09:13,26:53:00,no data,7409708352822955295,0
9/4/24,3:36:06,0:11,11,7410226637431655711,0
9/4/24,3:36:17,0:12,12,7410556463656996126,0
9/4/24,3:36:29,0:07,7,7410077517362711854,0
9/4/24,3:36:36,0:32,32,7408967920514125062,0
9/4/24,3:37:08,0:14,14,7410139935707073823,0
9/4/24,3:37:22,0:29,29,7410269769020099883,0
9/4/24,3:37:51,0:02,2,7409426312240172330,0
9/4/24,3:37:53,0:09,9,7410018069583564064,0
9/4/24,3:38:02,0:23,23,7399369581762039072,0
9/4/24,3:38:25,0:01,1,7374807881079786798,0
9/4/24,3:38:26,0:18,18,7410183503544896775,0
9/4/24,3:38:44,0:02,2,7403878129934077215,0
9/4/24,3:38:46,0:11,11,7407605502684826923,0
9/4/24,3:38:57,0:09,9,7408718089228946718,0
9/4/24,3:39:06,0:15,15,7410097575145131297,0
9/4/24,3:39:21,0:01,1,7408925535708925201,0
9/4/24,3:39:22,0:07,7,7410111349340032286,0
9/4/24,3:39:29,0:42,42,7410468732033633566,0
9/4/24,3:40:11,0:06,6,7410124508239088938,0
9/4/24,3:40:17,0:12,12,7406737938903600427,0
9/4/24,3:40:29,0:36,36,7406378668135664928,0
9/4/24,3:41:05,0:23,23,7409731003054427438,0
9/4/24,3:41:28,0:04,4,7409768204123376939,0
9/4/24,3:41:32,0:28,28,7410613568707611947,0
9/4/24,3:42:00,0:01,1,7400870809071389968,0
9/4/24,3:42:01,0:11,11,7410157753781767470,0
9/4/24,3:42:12,0:16,16,7409054099318132000,0
9/4/24,3:42:28,0:11,11,7383912088273472814,0
9/4/24,3:42:39,0:14,14,7408852757643398446,0
9/4/24,3:42:53,0:48,48,7402584575093918994,0
9/4/24,3:43:41,0:05,5,7408201262702939424,0
9/4/24,3:43:46,0:01,1,7405195864219618603,0
9/4/24,3:43:47,0:18,18,7409384490352708910,0
9/4/24,3:44:05,0:01,1,7409031012761537835,0
9/4/24,3:44:06,0:07,7,7409075598334758174,0
9/4/24,3:44:13,0:03,3,7404330114240007454,0
9/4/24,3:44:16,0:05,5,7409944017678404895,0
9/4/24,3:44:21,0:08,8,7409791069455453482,0
9/4/24,3:44:29,50:13:00,no data,7410440699088293163,0
9/4/24,5:34:42,0:02,2,7403767302899928326,0
9/4/24,5:34:44,0:12,12,7390077815745531169,0
9/4/24,5:34:56,0:10,10,7405259386987269407,0
9/4/24,5:35:06,0:30,30,7397163329464093969,0
9/4/24,5:35:06,0:00,0,7405720267722476830,0
9/4/24,5:35:36,0:12,12,7403458522710576416,0
9/4/24,5:35:48,0:11,11,7410461745166159135,0
9/4/24,5:35:59,1:09,69,7409679484846230817,0
9/4/24,5:37:08,1:29,89,7410607290648136991,0
9/4/24,5:38:37,0:05,5,7410609062347394310,0
9/4/24,5:38:42,0:26,26,7391892066441153823,0
9/4/24,5:38:42,0:00,0,7381617170901650734,1
9/4/24,5:39:08,0:38,38,7407064477478178080,0
9/4/24,5:39:46,0:09,9,7409779801206230318,0
9/4/24,5:39:55,0:13,13,7378436722591337746,0
9/4/24,5:40:08,0:16,16,7409904069449469190,0
9/4/24,5:40:24,0:02,2,7410511760781905198,0
9/4/24,5:40:26,0:15,15,7410212593995926815,0
9/4/24,5:40:41,0:02,2,7397507501312249104,0
9/4/24,5:40:43,0:05,5,7403812102466473247,0
9/4/24,5:40:48,0:32,32,7399744032248761632,0
9/4/24,5:41:20,0:16,16,7410127622027382048,0
9/4/24,5:41:36,0:26,26,7410217487624572191,0
9/4/24,5:41:36,0:00,0,7410606303057415466,0
9/4/24,5:42:02,0:14,14,7410637990676139310,0
9/4/24,5:42:16,0:01,1,7407542446877445392,0
9/4/24,5:42:17,0:08,8,7402117850145541392,0
9/4/24,5:42:25,0:16,16,7408603457445203233,0
9/4/24,5:42:41,0:12,12,7380348377206164766,0
9/4/24,5:42:53,0:12,12,7410509331420040491,0
9/4/24,5:43:05,0:05,5,7391684727201139999,0
9/4/24,5:43:10,0:05,5,7409986065395731730,0
9/4/24,5:43:15,0:38,38,7410610820238888222,0
9/4/24,5:43:53,0:01,1,7353763325118795050,0
9/4/24,5:43:54,0:03,3,7400634888023510302,0
9/4/24,5:43:57,0:09,9,7409804862365420833,0
9/4/24,5:44:06,0:08,8,7410615153709911327,0
9/4/24,5:44:14,0:06,6,7410187209241791775,0
9/4/24,5:44:20,0:07,7,7407128962712980782,0
9/4/24,5:44:27,0:02,2,7409312914714135840,0
9/4/24,5:44:29,0:01,1,7409034298474450177,0
9/4/24,5:44:30,0:28,28,7406472037813718315,0
9/4/24,5:44:58,0:08,8,7408682111504305438,0
9/4/24,5:45:06,0:02,2,7408268417964215582,0
9/4/24,5:45:08,0:02,2,7410607901749939461,0
9/4/24,5:45:10,0:17,17,7400249352242973994,0
9/4/24,5:45:27,0:06,6,7406781702355406123,0
9/4/24,5:45:33,0:02,2,7400205156102458640,0
9/4/24,5:45:35,0:07,7,7395658055398018312,0
9/4/24,5:45:42,0:07,7,7377490069881408810,0
9/4/24,5:45:49,0:22,22,7394601251293465861,0
9/4/24,5:46:11,0:10,10,7410607481577082155,0
9/4/24,5:46:21,0:02,2,7410582668737563950,0
9/4/24,5:46:23,0:10,10,7409377043399429418,0
9/4/24,5:46:33,0:14,14,7410445436579810591,0
9/4/24,5:46:47,0:01,1,7407810558746955009,0
9/4/24,5:46:48,0:13,13,7381746835293195566,0
9/4/24,5:47:01,0:08,8,7407819967199972639,0
9/4/24,5:47:09,0:46,46,7410605422484262175,0
9/4/24,5:47:55,0:08,8,7399711889778838830,0
9/4/24,5:48:03,0:02,2,7410590484688571691,0
9/4/24,5:48:05,28:04:00,no data,7408262903138176288,0
9/4/24,16:16:09,0:03,3,7408628596232817937,0
9/4/24,16:16:12,2:08,128,7410764809911700766,1
9/4/24,16:18:20,0:09,9,7410772926250847534,0
9/4/24,16:18:29,0:02,2,7410768039131516190,0
9/4/24,16:18:31,0:01,1,7402336113706224897,0
9/4/24,16:18:32,0:40,40,7409946159373978910,1
9/4/24,16:19:12,0:24,24,7401165502002842926,0
9/4/24,16:19:36,1:02,62,7410452540279622958,1
9/4/24,16:20:38,1:19,79,7410620391162383647,0
9/4/24,16:21:57,0:22,22,7410617150009871658,0
9/4/24,16:22:19,0:27,27,7409797968745729311,1
9/4/24,16:22:46,0:02,2,7408925525340818704,0
9/4/24,16:22:48,0:26,26,7410765235579014430,0
9/4/24,16:23:14,1:33,93,7408442679111109934,1
9/4/24,16:24:47,0:11,11,7410772918554184991,0
9/4/24,16:24:58,0:27,27,7404249122540145950,0
9/4/24,16:25:25,0:04,4,7395624191132765457,0
9/4/24,16:25:29,0:29,29,7406460910585302314,0
9/4/24,16:25:58,0:08,8,7410819643192937771,0
9/4/24,16:26:06,0:18,18,7410629039502707974,0
9/4/24,16:26:24,0:55,55,7410101205692714286,1
9/4/24,16:27:19,0:30,30,7407172772318760234,0
9/4/24,16:27:49,38:11:00,no data,7410218968746675499,0
9/4/24,21:06:00,0:02,2,7410481504750439723,0
9/4/24,21:06:02,0:12,12,7410543336425098527,0
9/4/24,21:06:14,0:13,13,7410262910167076142,0
9/4/24,21:06:27,0:01,1,7408704226420985118,0
9/4/24,21:06:28,0:19,19,7410793671492209951,0
9/4/24,21:06:47,0:36,36,7410791913663515935,0
9/4/24,21:07:23,0:35,35,7410634069341424926,0
9/4/24,21:07:58,0:05,5,7402327297275022622,0
9/4/24,21:08:03,0:06,6,7409505423394475297,0
9/4/24,21:08:09,0:14,14,7409846808144383262,0
9/4/24,21:08:23,0:24,24,7410827072974638367,0
9/4/24,21:08:47,0:02,2,7400205152394726673,0
9/4/24,21:08:49,0:09,9,7410189214760914207,0
9/4/24,21:08:58,0:12,12,7407676960807144735,0
9/4/24,21:09:10,0:01,1,7407985770125954305,0
9/4/24,21:09:11,0:08,8,7410525347084586282,0
9/4/24,21:09:19,0:16,16,7406447680802622762,0
9/4/24,21:09:35,0:01,1,7384537873107717393,0
9/4/24,21:09:36,0:08,8,7404655922208902430,0
9/4/24,21:09:44,0:45,45,7410612640302599430,0
9/4/24,21:10:29,0:09,9,7407866138840796462,0
9/4/24,21:10:38,0:01,1,7400051002663128337,0
9/4/24,21:10:39,0:02,2,7408559956867173675,0
9/4/24,21:10:41,0:08,8,7404342109278457119,0
9/4/24,21:10:49,0:02,2,7410551126975860014,0
9/4/24,21:10:51,0:05,5,7403849173075905823,0
9/4/24,21:10:56,0:43,43,7409684336502459679,0
9/4/24,21:11:39,0:01,1,7397010331509198111,0
9/4/24,21:11:40,0:25,25,7407649085995437342,0
9/4/24,21:12:05,0:03,3,7410413072348663058,0
9/4/24,21:12:08,0:12,12,7410896006218288430,0
9/4/24,21:12:20,0:06,6,7409993852540488992,0
9/4/24,21:12:26,0:02,2,7409824685065751854,0
9/4/24,21:12:28,0:39,39,7410811352387833118,0
9/4/24,21:13:07,0:05,5,7405283180435033361,0
9/4/24,21:13:07,0:00,0,7409803460108897542,0
9/4/24,21:13:12,0:08,8,7410585777614146822,0
9/4/24,21:13:20,0:11,11,7410882475158752558,0
9/4/24,21:13:31,0:11,11,7408974953602747694,0
9/4/24,21:13:42,0:08,8,7410764426585869599,0
9/4/24,21:13:50,0:01,1,7408155449662410000,0
9/4/24,21:13:51,0:07,7,7410436437985840414,0
9/4/24,21:13:58,0:06,6,7410551024953363743,0
9/4/24,21:14:04,0:15,15,7410783166140665118,0
9/4/24,21:14:19,0:01,1,7410863272167001375,0
9/4/24,21:14:20,0:01,1,7406395268435954961,0
9/4/24,21:14:21,0:14,14,7410588766848421162,0
9/4/24,21:14:35,0:07,7,7410573579852500255,0
9/4/24,21:14:42,0:03,3,7409686560603491590,0
9/4/24,21:14:45,0:20,20,7410437879844900129,0
9/4/24,21:15:05,0:04,4,7408197731967061278,0
9/4/24,21:15:09,0:03,3,7407910705032170768,0
9/4/24,21:15:09,0:00,0,7408769836903386414,0
9/4/24,21:15:12,0:13,13,7410613936564800810,0
9/4/24,21:15:25,0:12,12,7389031061826587934,0
9/4/24,21:15:37,0:01,1,7405948620484201758,0
9/4/24,21:15:38,0:24,24,7410198480980839726,0
9/4/24,21:16:02,0:05,5,7410498825061780782,0
9/4/24,21:16:07,0:01,1,7397507500855004417,0
9/4/24,21:16:08,0:04,4,7410188347001392417,0
9/4/24,21:16:12,0:04,4,7408970982662098206,0
9/4/24,21:16:16,0:02,2,7410436272398863649,0
9/4/24,21:16:18,0:06,6,7410264108748033310,0
9/4/24,21:16:24,0:10,10,7410196154341952814,0
9/4/24,21:16:34,0:59,59,7404996996479634704,0
9/4/24,21:16:34,0:00,0,7409554556457078049,0
9/4/24,21:17:33,0:14,14,7410106535398968606,0
9/4/24,21:17:47,0:02,2,7410603990859271466,0
9/4/24,21:17:49,0:01,1,7409787648891538718,0
9/4/24,21:17:50,0:01,1,7410671129649581342,0
9/4/24,21:17:51,0:01,1,7384500662744157456,0
9/4/24,21:17:52,0:02,2,7404485628697611553,0
9/4/24,21:17:54,0:01,1,7410631648204688645,0
9/4/24,21:17:55,0:12,12,7352716936385465631,0
9/4/24,21:18:07,0:06,6,7401596345569561886,0
9/4/24,21:18:13,0:12,12,7410614367735139614,0
9/4/24,21:18:25,0:10,10,7410873213070380334,0
9/4/24,21:18:35,0:01,1,7358888835935161616,0
9/4/24,21:18:36,26:38:00,no data,7410216698827115819,0
9/4/24,21:45:14,0:04,4,7410523795062066463,0
9/4/24,21:45:18,0:08,8,7409845975629483295,0
9/4/24,21:45:26,0:30,30,7410486143038262571,0
9/4/24,21:45:56,2:13,133,7410821481896185121,0
9/4/24,21:48:09,0:04,4,7405040673130433822,0
9/4/24,21:48:13,0:04,4,7406464521025473838,0
9/4/24,21:48:17,0:09,9,7410881575749127470,0
9/4/24,21:48:26,0:11,11,7390526077745024286,0
9/4/24,21:48:37,0:06,6,7410179679233051936,0
9/4/24,21:48:43,0:04,4,7410018691204533537,0
9/4/24,21:48:47,0:02,2,7410608656443559211,0
9/4/24,21:48:49,0:19,19,7410147490504150315,0
9/4/24,21:49:08,0:04,4,7410182592747621663,0
9/4/24,21:49:12,2:04,124,7398584208219852062,0
9/4/24,21:51:16,0:01,1,7410619264907955499,0
9/4/24,21:51:17,0:14,14,7410903948581670187,0
9/4/24,21:51:31,0:06,6,7410526871957392686,0
9/4/24,21:51:37,28:34:00,no data,7409842550342700306,0
9/4/24,22:20:11,1:02,62,7410060890231344427,0
9/4/24,22:21:13,0:25,25,7409345942412905760,1
9/4/24,22:21:38,0:01,1,7408627973290544427,0
9/4/24,22:21:39,0:10,10,7409010837391674667,0
9/4/24,22:21:49,0:50,50,7410500310642199838,1
9/4/24,22:22:39,0:10,10,7410073337646320928,0
9/4/24,22:22:49,0:03,3,7406496727521348906,0
9/4/24,22:22:52,0:01,1,7403112805055860001,0
9/4/24,22:22:53,0:13,13,7404960318859791646,0
9/4/24,22:23:06,0:01,1,7409695213947686190,0
9/4/24,22:23:07,0:07,7,7409558872190422305,0
9/4/24,22:23:14,0:05,5,7410856598987410730,0
9/4/24,22:23:19,0:48,48,7410522725308992801,0
9/4/24,22:24:07,0:32,32,7410408643885092129,0
9/4/24,22:24:39,0:01,1,7384828825688870160,0
9/4/24,22:24:40,0:08,8,7410604370498227498,0
9/4/24,22:24:48,0:20,20,7410808343826156831,0
9/4/24,22:25:08,0:27,27,7410592003194391838,0
9/4/24,22:25:35,0:07,7,7410484806774967584,0
9/4/24,22:25:42,0:01,1,7403108415762861328,0
9/4/24,22:25:43,0:06,6,7409791707929234721,0
9/4/24,22:25:49,1:11,71,7407454594348911914,0
9/4/24,22:27:00,0:09,9,7401568523526376737,0
9/4/24,22:27:09,0:54,54,7409848936652885290,0
9/4/24,22:28:03,0:01,1,7406025491167202602,0
9/4/24,22:28:04,0:01,1,7407910704629501201,0
9/4/24,22:28:05,0:01,1,7407473869004573984,0
9/4/24,22:28:06,0:10,10,7401511758826851617,0
9/4/24,22:28:16,0:05,5,7406048716668292382,0
9/4/24,22:28:21,0:35,35,7410184232095517958,0
9/4/24,22:28:56,0:05,5,7405698434205764907,0
9/4/24,22:29:01,0:01,1,7408594801991404801,0
9/4/24,22:29:02,0:01,1,7405996154460048671,0
9/4/24,22:29:03,0:16,16,7381628437095583019,0
9/4/24,22:29:19,0:09,9,7401852356326919456,0
9/4/24,22:29:28,0:27,27,7410452899198749982,0
9/4/24,22:29:55,0:21,21,7407029771852451104,0
9/4/24,22:30:16,0:01,1,7403390739297701137,0
9/4/24,22:30:17,1:00,60,7395221837308890401,0
9/4/24,22:31:17,27:57:00,no data,7404660525868617003,0
9/4/24,22:59:14,no data,no data,7410825027693628714,0
9/5/24,0:06:01,0:47,47,7410825027693628714,0
9/5/24,0:06:48,0:07,7,7404660525868617003,0
9/5/24,0:06:55,0:23,23,7410189154694384942,0
9/5/24,0:07:18,0:23,23,7410849514694708511,0
9/5/24,0:07:41,0:03,3,7392164548612082977,0
9/5/24,0:07:44,0:05,5,7394482076025736465,0
9/5/24,0:07:44,0:00,0,7407370442094218528,0
9/5/24,0:07:49,0:23,23,7410209804448468270,0
9/5/24,0:08:12,0:18,18,7410813637583129902,0
9/5/24,0:08:30,0:49,49,7410629759287315758,0
9/5/24,0:09:19,0:08,8,7410938061292457259,0
9/5/24,0:09:27,0:33,33,7410802426795642155,0
9/5/24,0:10:00,0:08,8,7410843729092709674,1
9/5/24,0:10:08,0:01,1,7380561979095780624,0
9/5/24,0:10:09,1:09,69,7410801829430201643,0
9/5/24,0:11:18,0:58,58,7410874349131009326,0
9/5/24,0:12:16,0:07,7,7410454816398282014,0
9/5/24,0:12:23,0:04,4,7410458758461230382,0
9/5/24,0:12:27,1:01,61,7409346647572073774,0
9/5/24,0:13:28,0:02,2,7399999145630551304,0
9/5/24,0:13:30,0:18,18,7409059794268491013,0
9/5/24,0:13:48,0:01,1,7406418720517590288,0
9/5/24,0:13:49,0:19,19,7410412593300409632,0
9/5/24,0:14:08,0:49,49,7380790583968861486,0
9/5/24,0:14:57,0:10,10,7409712590290472238,0
9/5/24,0:15:07,0:20,20,7410560238094454046,0
9/5/24,0:15:27,0:21,21,7396377172291702046,0
9/5/24,0:15:48,0:03,3,7409579057622371615,0
9/5/24,0:15:51,0:12,12,7408903481391713567,0
9/5/24,0:16:03,0:01,1,7376293444408315178,0
9/5/24,0:16:04,0:12,12,7404154724674473258,0
9/5/24,0:16:16,0:07,7,7410556898421787947,0
9/5/24,0:16:23,0:58,58,7410612920226204958,0
9/5/24,0:17:21,1:21,81,7407533556555124011,0
9/5/24,0:18:42,0:07,7,7410767734428028202,0
9/5/24,0:18:49,0:07,7,7410794596063546630,0
9/5/24,0:18:56,0:35,35,7381665788609973535,0
9/5/24,0:19:31,0:01,1,7382643738562039086,0
9/5/24,0:19:32,0:11,11,7401917345502924062,0
9/5/24,0:19:43,0:23,23,7410610449978281246,0
9/5/24,0:20:06,0:20,20,7402622482542349598,0
9/5/24,0:20:26,0:06,6,7409977489390374186,0
9/5/24,0:20:32,0:30,30,7410587624345177375,0
9/5/24,0:21:02,0:15,15,7404235551513136427,0
9/5/24,0:21:17,0:06,6,7410940705587088682,0
9/5/24,0:21:23,0:01,1,7398308980008766721,0
9/5/24,0:21:24,0:11,11,7399162350235864350,0
9/5/24,0:21:35,0:35,35,7410552571070369067,0
9/5/24,0:22:10,0:15,15,7408997717919157534,0
9/5/24,0:22:25,0:09,9,7408877805372476714,0
9/5/24,0:22:34,0:11,11,7409728727279586602,0
9/5/24,0:22:45,0:05,5,7410118423813819679,0
9/5/24,0:22:50,8:38,no data,7410597299321113887,0
9/5/24,0:31:28,0:01,1,7408562257824681232,0
9/5/24,0:31:29,0:37,37,7410821435817512234,0
9/5/24,0:32:06,0:28,28,7410494925608979742,0
9/5/24,0:32:34,0:17,17,7410855469134122271,0
9/5/24,0:32:51,0:03,3,7386908807382781215,0
9/5/24,0:32:54,0:15,15,7410079347190680874,0
9/5/24,0:33:09,0:13,13,7410222696832732458,0
9/5/24,0:33:22,0:07,7,7409262687022042401,0
9/5/24,0:33:29,0:01,1,7372240486599298320,0
9/5/24,0:33:30,0:08,8,7407188686376275205,0
9/5/24,0:33:38,0:07,7,7410623500257479982,0
9/5/24,0:33:45,0:21,21,7409542269423881514,0
9/5/24,0:34:06,0:01,1,7410871824294153503,0
9/5/24,0:34:07,0:54,54,7407592832682200362,0
9/5/24,0:35:01,0:01,1,7409385710861585710,0
9/5/24,0:35:02,0:08,8,7409600012771921185,0
9/5/24,0:35:10,0:01,1,7405651675387530513,0
9/5/24,0:35:11,0:08,8,7410175403987389726,0
9/5/24,0:35:19,0:03,3,7410947415693331743,0
9/5/24,0:35:22,0:01,1,7410781239658941739,0
9/5/24,0:35:23,0:11,11,7409363969279905054,0
9/5/24,0:35:34,0:11,11,7410422611718589727,0
9/5/24,0:35:45,0:22,22,7410718140226751762,0
9/5/24,0:36:07,0:10,10,7395895273349729569,0
9/5/24,0:36:17,0:06,6,7406887759740243243,0
9/5/24,0:36:23,0:01,1,7397163329464093969,0
9/5/24,0:36:24,0:07,7,7382988690089381151,0
9/5/24,0:36:31,0:17,17,7409427374258900256,0
9/5/24,0:36:48,0:25,25,7410155496340016426,0
9/5/24,0:37:13,0:08,8,7404201466652544286,0
9/5/24,0:37:21,0:10,10,7400590117397712174,0
9/5/24,0:37:31,0:06,6,7410872498734189870,0
9/5/24,0:37:37,0:12,12,7408627661561449758,0
9/5/24,0:37:49,0:05,5,7409069871109033247,0
9/5/24,0:37:54,0:26,26,7371852104845053201,0
9/5/24,0:37:54,0:00,0,7410641162928655662,0
9/5/24,0:38:20,0:18,18,7408717199097023749,0
9/5/24,0:38:38,33:00:00,no data,7398363943401442590,0
9/5/24,2:11:38,1:20,80,7404619268257615147,0
9/5/24,2:12:58,0:05,5,7409788911532182827,0
9/5/24,2:13:03,0:16,16,7393027094717975839,0
9/5/24,2:13:19,0:08,8,7410385260652842283,0
9/5/24,2:13:27,0:17,17,7408465194281635104,0
9/5/24,2:13:44,0:02,2,7408661743917911312,0
9/5/24,2:13:46,0:08,8,7389742842953862416,0
9/5/24,2:13:54,0:07,7,7408942552193191210,0
9/5/24,2:14:01,0:56,56,7409858814989831470,0
9/5/24,2:14:57,1:33,93,7402824536263036192,1
9/5/24,2:16:30,0:07,7,7410618611879906603,0
9/5/24,2:16:37,0:01,1,7400102734155844881,0
9/5/24,2:16:38,0:13,13,7410571710790978858,0
9/5/24,2:16:51,0:30,30,7403524875844930862,1
9/5/24,2:17:21,0:12,12,7410962228175785247,0
9/5/24,2:17:33,0:24,24,7410867392085085486,0
9/5/24,2:17:57,0:10,10,7409861895001214251,0
9/5/24,2:18:07,0:16,16,7409261760680709407,0
9/5/24,2:18:23,0:22,22,7410672765197421854,0
9/5/24,2:18:45,0:01,1,7400872434556996880,0
9/5/24,2:18:46,0:07,7,7410194746033081646,0
9/5/24,2:18:53,0:19,19,7410879697082518814,0
9/5/24,2:19:12,0:10,10,7408672195133705490,0
9/5/24,2:19:22,0:14,14,7410936649158364459,0
9/5/24,2:19:36,0:20,20,7410783320851664159,0
9/5/24,2:19:56,0:06,6,7403886560455839018,0
9/5/24,2:20:02,0:27,27,7410420733257518379,0
9/5/24,2:20:29,0:14,14,7401872964255337761,0
9/5/24,2:20:43,0:06,6,7410781213218180382,0
9/5/24,2:20:49,0:07,7,7404601904371731717,0
9/5/24,2:20:56,0:04,4,7409391528709279009,0
9/5/24,2:21:00,0:11,11,7406057272746462507,0
9/5/24,2:21:11,0:01,1,7410798157342231851,0
9/5/24,2:21:12,0:05,5,7405685256319159583,0
9/5/24,2:21:17,0:04,4,7390962566316543264,0
9/5/24,2:21:21,0:07,7,7408360630572387626,0
9/5/24,2:21:28,0:03,3,7402621512206781728,0
9/5/24,2:21:31,0:01,1,7410913398952660255,0
9/5/24,2:21:32,0:12,12,7400557763019017503,0
9/5/24,2:21:44,0:15,15,7410779232458018081,0
9/5/24,2:21:59,0:29,29,7401075683553709345,0
9/5/24,2:22:28,0:02,2,7406458435329379626,0
9/5/24,2:22:30,0:23,23,7403134957154995487,0
9/5/24,2:22:53,0:03,3,7410131333617290527,0
9/5/24,2:22:56,0:12,12,7410881100102274336,0
9/5/24,2:23:08,0:02,2,7409127994905611562,0
9/5/24,2:23:10,0:13,13,7410468290117504288,0
9/5/24,2:23:23,0:05,5,7410393905222421792,0
9/5/24,2:23:28,0:10,10,7402349308055538976,0
9/5/24,2:23:38,0:05,5,7405700503931276545,0
9/5/24,2:23:38,0:00,0,7408938061805014315,0
9/5/24,2:23:43,0:01,1,7405208702942203167,0
9/5/24,2:23:44,0:05,5,7409441227180952863,0
9/5/24,2:23:49,0:23,23,7409482309528767775,0
9/5/24,2:24:12,0:01,1,7405173108119751941,0
9/5/24,2:24:13,0:05,5,7410572254821682478,0
9/5/24,2:24:18,0:08,8,7410157135436336415,0
9/5/24,2:24:26,0:01,1,7397470383554694401,0
9/5/24,2:24:27,0:11,11,7408379815436291359,0
9/5/24,2:24:38,0:09,9,7393392291198684446,0
9/5/24,2:24:47,0:03,3,7388761460937248046,0
9/5/24,2:24:50,0:01,1,7404689327667612970,0
9/5/24,2:24:51,0:01,1,7410883177415183658,0
9/5/24,2:24:52,0:07,7,7410970002116906271,0
9/5/24,2:24:59,0:06,6,7409422397322906923,0
9/5/24,2:25:05,0:01,1,7405251024136588561,0
9/5/24,2:25:06,0:01,1,7409127329173163306,0
9/5/24,2:25:07,0:13,13,7410666905805245742,0
9/5/24,2:25:20,0:09,9,7410007614937042222,0
9/5/24,2:25:29,0:04,4,7407600638164520238,0
9/5/24,2:25:33,0:01,1,7378972412680883498,0
9/5/24,2:25:34,0:14,14,7382359252113018158,0
9/5/24,2:25:48,0:07,7,7408352804143746310,0
9/5/24,2:25:55,0:05,5,7403026608602238251,0
9/5/24,2:26:00,0:13,13,7410625588701990174,0
9/5/24,2:26:13,0:01,1,7407970449679994128,0
9/5/24,2:26:14,0:07,7,7410154268013088046,0
9/5/24,2:26:21,0:44,44,7397924777438088481,0
9/5/24,2:27:05,0:17,17,7410876511735090463,0
9/5/24,2:27:22,12:16,no data,7410538301293219115,0
9/5/24,3:39:38,0:29,29,7356355144805682478,0
9/5/24,3:40:07,0:24,24,7407590731084221727,0
9/5/24,3:40:31,0:38,38,7409819210798451998,0
9/5/24,3:41:09,0:02,2,7396106104654073131,0
9/5/24,3:41:11,0:15,15,7410406830536412448,0
9/5/24,3:41:26,0:07,7,7408254227211930898,0
9/5/24,3:41:33,0:07,7,7409345941762854177,0
9/5/24,3:41:40,0:10,10,7410874798290537770,0
9/5/24,3:41:50,0:01,1,7408657497864604970,0
9/5/24,3:41:51,0:29,29,7410117252122447147,0
9/5/24,3:42:20,20:15,no data,7410076326364777770,0
9/5/24,4:02:35,0:16,16,7410234856174554410,0
9/5/24,4:02:51,0:03,3,7406544494339869994,0
9/5/24,4:02:54,0:01,1,7409940628475317505,0
9/5/24,4:02:55,0:50,50,7409904285904915755,0
9/5/24,4:03:45,0:12,12,7410604371613912350,0
9/5/24,4:03:57,0:06,6,7383812875946593568,0
9/5/24,4:04:03,0:02,2,7408686423647325471,0
9/5/24,4:04:05,0:13,13,7395624190939876625,0
9/5/24,4:04:18,0:02,2,7409030512288779562,0
9/5/24,4:04:20,0:29,29,7410233664656755998,0
9/5/24,4:04:49,0:17,17,7410589280403197214,1
9/5/24,4:05:06,0:09,9,7410469133021711649,0
9/5/24,4:05:15,0:01,1,7384828822933277968,0
9/5/24,4:05:16,0:53,53,7410506833674325294,0
9/5/24,4:06:09,0:08,8,7410885258880519467,0
9/5/24,4:06:17,0:06,6,7381585125563452718,0
9/5/24,4:06:23,0:06,6,7410676878257704235,0
9/5/24,4:06:29,0:01,1,7397507455825087745,0
9/5/24,4:06:30,0:24,24,7410351020347346182,0
9/5/24,4:06:54,0:02,2,7237365841996664069,0
9/5/24,4:06:56,0:20,20,7410182102332787999,0
9/5/24,4:07:16,0:19,19,7410123387739196704,0
9/5/24,4:07:35,0:21,21,7410532648373783814,0
9/5/24,4:07:56,0:07,7,7409784105774222635,0
9/5/24,4:08:03,0:08,8,7410509073487105323,0
9/5/24,4:08:11,0:19,19,7410165316086418719,0
9/5/24,4:08:30,0:02,2,7409042545998581009,0
9/5/24,4:08:32,0:09,9,7410459680645958954,0
9/5/24,4:08:41,1:05,65,7410075042303741226,0
9/5/24,4:09:46,0:06,6,7403068006936431903,0
9/5/24,4:09:52,0:11,11,7410910495827447071,0
9/5/24,4:10:03,0:04,4,7409303633717710123,0
9/5/24,4:10:07,0:01,1,7387421688478174480,0
9/5/24,4:10:08,0:02,2,7408367122402921771,0
9/5/24,4:10:10,1:01,61,7410456801004522795,0
9/5/24,4:11:11,0:07,7,7410552102918819103,0
9/5/24,4:11:18,0:09,9,7409009798668193054,0
9/5/24,4:11:27,0:06,6,7406798815803526431,0
9/5/24,4:11:33,0:01,1,7387528772976659713,0
9/5/24,4:11:34,0:06,6,7406091065184226590,0
9/5/24,4:11:40,0:08,8,7406890689625066794,0
9/5/24,4:11:48,0:46,46,7407608352601099550,0
9/5/24,4:12:34,0:03,3,7405812150385593630,0
9/5/24,4:12:37,0:01,1,7403849922300169489,0
9/5/24,4:12:38,0:04,4,7404955800189521198,0
9/5/24,4:12:42,0:07,7,7410558008519822635,0
9/5/24,4:12:49,0:22,22,7410519013530406190,0
9/5/24,4:13:11,0:19,19,7410088421366025502,0
9/5/24,4:13:30,0:09,9,7406538184944799007,0
9/5/24,4:13:39,0:01,1,7410538401511787792,0
9/5/24,4:13:40,0:22,22,7405771049406598443,0
9/5/24,4:14:02,0:04,4,7410956540250754346,0
9/5/24,4:14:06,0:11,11,7408061119090216234,0
9/5/24,4:14:17,0:04,4,7403545663188831505,0
9/5/24,4:14:17,0:00,0,7407525643992173854,0
9/5/24,4:14:21,0:04,4,7387420385731497232,0
9/5/24,4:14:25,0:09,9,7410459786103344430,0
9/5/24,4:14:34,0:15,15,7383738131012406559,0
9/5/24,4:14:49,0:39,39,7407483306045869342,0
9/5/24,4:15:28,0:04,4,7406049215794793758,0
9/5/24,4:15:32,0:01,1,7395268097575275777,0
9/5/24,4:15:33,0:03,3,7404673010189307166,0
9/5/24,4:15:36,0:10,10,7399746789026319647,0
9/5/24,4:15:46,0:51,51,7385273431782116654,0
9/5/24,4:16:37,0:02,2,7403440137914420510,0
9/5/24,4:16:39,0:11,11,7398030252372512043,0
9/5/24,4:16:50,0:01,1,7400061228929830160,0
9/5/24,4:16:51,0:14,14,7396386580472139014,0
9/5/24,4:17:05,0:03,3,7379381287255133486,0
9/5/24,4:17:08,0:05,5,7409513144822926623,0
9/5/24,4:17:13,16:11,no data,7384537656291560720,0
9/5/24,12:33:24,0:11,11,7408652891361185041,0
9/5/24,12:33:35,0:12,12,7390064787800984863,0
9/5/24,12:33:47,0:16,16,7410996689168813355,0
9/5/24,12:34:03,0:18,18,7410900265731165482,0
9/5/24,12:34:21,0:13,13,7410017732567125281,0
9/5/24,12:34:34,0:18,18,7410965604351446314,0
9/5/24,12:34:52,15:32,no data,7402689298161618209,1
9/5/24,13:50:24,0:03,3,7409318497685163297,0
9/5/24,13:50:27,0:04,4,7410911444335676714,0
9/5/24,13:50:31,0:04,4,7409003534865206529,0
9/5/24,13:50:35,1:08,68,7410956212688325934,0
9/5/24,13:51:43,0:14,14,7410609323107290410,1
9/5/24,13:51:57,0:06,6,7410833875837996331,0
9/5/24,13:52:03,0:05,5,7407064943960313131,0
9/5/24,13:52:08,0:01,1,7403509098727361838,0
9/5/24,13:52:09,0:04,4,7406473989431905567,0
9/5/24,13:52:13,0:07,7,7410796939006070046,0
9/5/24,13:52:20,0:03,3,7410849371408878890,0
9/5/24,13:52:23,0:02,2,7405048911016054059,0
9/5/24,13:52:25,0:01,1,7382641119663754497,0
9/5/24,13:52:26,0:02,2,7406087153060416799,0
9/5/24,13:52:28,0:20,20,7411127548911930654,0
9/5/24,13:52:48,0:04,4,7409518109041675551,0
9/5/24,13:52:52,0:19,19,7410991945041874207,0
9/5/24,13:53:11,0:01,1,7400645696950471979,0
9/5/24,13:53:12,0:07,7,7410675605508918574,0
9/5/24,13:53:19,55:55:00,no data,7408685162440969515,0
9/5/24,19:49:14,0:04,4,7408655741369765137,0
9/5/24,19:49:18,0:46,46,7411004555418193183,0
9/5/24,19:50:04,0:14,14,7411209106066885931,0
9/5/24,19:50:18,0:09,9,7410986621668953375,0
9/5/24,19:50:27,0:01,1,7400454056948387103,0
9/5/24,19:50:28,0:52,52,7410982633649311022,0
9/5/24,19:51:20,0:14,14,7410766884179643690,0
9/5/24,19:51:34,0:01,1,7411162565692116267,0
9/5/24,19:51:35,0:03,3,7411198625327500576,0
9/5/24,19:51:38,no data,no data,7411014958621658410,0
9/6/24,4:13:38,0:05,5,7410888653737676078,0
9/6/24,4:13:43,2:51,171,7411307014988532998,0
9/6/24,4:16:34,0:10,10,7410606716259274030,0
9/6/24,4:16:44,0:09,9,7410839797960379680,0
9/6/24,4:16:53,0:12,12,7411180918162918686,0
9/6/24,4:17:05,0:10,10,7409871872982060318,0
9/6/24,4:17:15,0:06,6,7409645516071390497,0
9/6/24,4:17:21,0:02,2,7411296065963527454,0
9/6/24,4:17:23,0:06,6,7411336692923190558,0
9/6/24,4:17:29,0:01,1,7406012934826102058,0
9/6/24,4:17:30,0:17,17,7411192376259218734,0
9/6/24,4:17:47,0:02,2,7411258679011429663,0
9/6/24,4:17:49,0:07,7,7408302016860278062,0
9/6/24,4:17:56,0:01,1,7383065589780139280,0
9/6/24,4:17:57,0:03,3,7408238767867252011,0
9/6/24,4:18:00,0:10,10,7410935933131820330,0
9/6/24,4:18:10,0:12,12,7410525395717557547,0
9/6/24,4:18:22,0:04,4,7406750657220201758,0
9/6/24,4:18:26,0:02,2,7406269054056418576,0
9/6/24,4:18:28,0:05,5,7405970546124426526,0
9/6/24,4:18:33,0:10,10,7410613408661310763,0
9/6/24,4:18:43,0:13,13,7411296476816493854,0
9/6/24,4:18:56,0:01,1,7411357215325523246,0
9/6/24,4:18:57,0:05,5,7411300602631785774,0
9/6/24,4:19:02,0:01,1,7390043632105049361,0
9/6/24,4:19:03,0:03,3,7411327258884869418,0
9/6/24,4:19:06,0:07,7,7401673860766223646,0
9/6/24,4:19:13,0:40,40,7409938950770461995,0
9/6/24,4:19:53,38:34:00,no data,7410930078462332203,1
9/6/24,4:58:27,0:03,3,7410884565348158750,0
9/6/24,4:58:30,0:21,21,7408723526997298433,0
9/6/24,4:58:51,0:05,5,7405988608701648159,0
9/6/24,4:58:56,0:05,5,7400138887630245151,0
9/6/24,4:59:01,0:52,52,7410530364646640939,0
9/6/24,4:59:53,0:13,13,7411006561104956715,0
9/6/24,5:00:06,0:09,9,7400319175551503623,0
9/6/24,5:00:15,0:23,23,7409344415401069866,0
9/6/24,5:00:38,0:18,18,7399845459268783403,0
9/6/24,5:00:56,0:09,9,7397440694983347498,0
9/6/24,5:01:05,0:01,1,7406428776797621520,0
9/6/24,5:01:06,0:16,16,7410900412909341995,0
9/6/24,5:01:22,0:06,6,7409819192783883563,0
9/6/24,5:01:28,1:16,76,7406787867051068677,0
9/6/24,5:02:44,0:14,14,7400157136489123114,0
9/6/24,5:02:58,0:08,8,7410903621857971499,0
9/6/24,5:03:06,0:05,5,7411277123387788587,0
9/6/24,5:03:11,0:01,1,7410425006649265424,0
9/6/24,5:03:12,0:01,1,7411377351952534827,0
9/6/24,5:03:13,0:19,19,7411317867809017118,0
9/6/24,5:03:32,0:02,2,7411388195524431147,0
9/6/24,5:03:34,0:12,12,7385212900798926088,0
9/6/24,5:03:46,0:05,5,7410699233365396779,0
9/6/24,5:03:51,0:16,16,7411292230050204970,0
9/6/24,5:04:07,0:09,9,7359397823709826346,0
9/6/24,5:04:16,0:11,11,7410909832573685023,0
9/6/24,5:04:27,0:13,13,7410884162502020383,0
9/6/24,5:04:40,0:12,12,7410386400144674078,0
9/6/24,5:04:52,0:01,1,7391907803092323600,0
9/6/24,5:04:53,0:15,15,7410833223644663072,0
9/6/24,5:05:08,1:28,88,7409516106362260741,1
9/6/24,5:06:36,0:06,6,7410550961636199726,0
9/6/24,5:06:42,0:47,47,7411303986344774958,0
9/6/24,5:07:29,0:16,16,7410957786236063022,0
9/6/24,5:07:45,0:21,21,7400646496170937632,0
9/6/24,5:08:06,0:01,1,7397963656480165151,0
9/6/24,5:08:07,0:01,1,7410191790768147742,0
9/6/24,5:08:08,0:26,26,7410461149663137056,0
9/6/24,5:08:34,0:14,14,7408639551012457761,0
9/6/24,5:08:48,0:11,11,7410881704967130414,0
9/6/24,5:08:59,0:13,13,7406478576599584043,0
9/6/24,5:09:12,0:01,1,7382669642466151697,0
9/6/24,5:09:13,0:08,8,7410647015937346849,0
9/6/24,5:09:21,0:36,36,7397047341619957035,0
9/6/24,5:09:57,0:04,4,7411154864975252767,0
9/6/24,5:10:01,0:18,18,7410802730517908782,0
9/6/24,5:10:19,0:37,37,7386872545988988191,0
9/6/24,5:10:56,0:22,22,7398476911304854816,0
9/6/24,5:11:18,0:02,2,7392978396835269889,0
9/6/24,5:11:20,0:10,10,7410623749210377514,0
9/6/24,5:11:30,0:15,15,7410752676125756680,0
9/6/24,5:11:45,0:18,18,7410175305928707370,0
9/6/24,5:12:03,0:08,8,7409786078170828063,0
9/6/24,5:12:11,0:08,8,7407789373619522849,0
9/6/24,5:12:19,0:06,6,7405020546284440874,0
9/6/24,5:12:25,0:01,1,7387528772976659713,0
9/6/24,5:12:26,0:05,5,7407538293505608990,0
9/6/24,5:12:31,0:11,11,7410386402946469163,0
9/6/24,5:12:42,0:16,16,7411196173886688542,0
9/6/24,5:12:58,0:02,2,7411270350241058091,0
9/6/24,5:13:00,0:22,22,7380139166870293803,0
9/6/24,5:13:22,0:11,11,7407067644261584159,0
9/6/24,5:13:33,0:01,1,7384500661406256385,0
9/6/24,5:13:34,0:11,11,7381260264341179694,0
9/6/24,5:13:45,0:08,8,7410812705491225886,0
9/6/24,5:13:53,0:06,6,7378249234539089185,0
9/6/24,5:13:59,0:04,4,7408570776003120427,0
9/6/24,5:14:03,1:29,89,7411342202598706463,0
9/6/24,5:15:32,0:41,41,7410271986007625006,0
9/6/24,5:16:13,0:27,27,7397204505835654401,0
9/6/24,5:16:13,0:00,0,7408895427728133393,0
9/6/24,5:16:40,0:12,12,7378848714997206289,0
9/6/24,5:16:52,0:25,25,7411282268922268974,0
9/6/24,5:17:17,0:20,20,7409318527963893034,0
9/6/24,5:17:37,0:09,9,7409497748656966942,0
9/6/24,5:17:46,0:07,7,7408239386095095083,0
9/6/24,5:17:53,0:03,3,7408617148467170576,0
9/6/24,5:17:56,0:04,4,7406085530108071211,0
9/6/24,5:18:00,0:03,3,7410822031836450090,0
9/6/24,5:18:03,1:01,61,7381173989449764127,0
9/6/24,5:19:04,0:15,15,7409260009898462497,0
9/6/24,5:19:19,0:13,13,7410527117303172385,0
9/6/24,5:19:32,0:01,1,7407942869471874334,0
9/6/24,5:19:33,0:04,4,7410906030319602974,0
9/6/24,5:19:37,0:12,12,7410979673875746078,0
9/6/24,5:19:49,0:06,6,7409737935601274143,0
9/6/24,5:19:55,0:33,33,7400411113659075845,0
9/6/24,5:20:28,0:05,5,7409755380424641822,0
9/6/24,5:20:33,0:28,28,7408397425037036843,0
9/6/24,5:21:01,0:01,1,7407837205328039184,0
9/6/24,5:21:02,0:12,12,7410834124644158750,0
9/6/24,5:21:14,0:07,7,7404988258947501342,0
9/6/24,5:21:21,0:09,9,7410082328267083039,0
9/6/24,5:21:30,0:07,7,7410745937523526919,0
9/6/24,5:21:37,0:05,5,7397663762695671070,0
9/6/24,5:21:42,0:06,6,7411345884287454495,0
9/6/24,5:21:48,0:01,1,7410830338236239121,0
9/6/24,5:21:49,0:03,3,7409879887126727966,0
9/6/24,5:21:52,0:04,4,7410109420337777953,0
9/6/24,5:21:56,0:11,11,7410071373365775646,0
9/6/24,5:22:07,0:06,6,7411251946646146350,0
9/6/24,5:22:13,0:05,5,7410601471516953887,0
9/6/24,5:22:18,0:03,3,7410271077861035297,0
9/6/24,5:22:21,0:01,1,7403813679398948113,0
9/6/24,5:22:22,0:02,2,7380293224524483847,0
9/6/24,5:22:24,0:03,3,7410571606440824094,0
9/6/24,5:22:27,0:01,1,7411390527825825067,0
9/6/24,5:22:28,0:04,4,7410556929853885726,0
9/6/24,5:22:32,0:04,4,7411301207609822506,0
9/6/24,5:22:36,0:17,17,7411333354672426286,0
9/6/24,5:22:53,0:06,6,7410767038844652831,0
9/6/24,5:22:59,0:01,1,7375186682292882730,0
9/6/24,5:23:00,0:03,3,7411326710018329898,0
9/6/24,5:23:03,0:04,4,7410371414508784927,0
9/6/24,5:23:07,0:06,6,7411337179370114350,0
9/6/24,5:23:13,0:06,6,7390433372595686686,0
9/6/24,5:23:19,1:04,64,7410948964024864043,0
9/6/24,5:24:23,0:03,3,7410864979890474245,0
9/6/24,5:24:26,0:02,2,7403400435240865040,0
9/6/24,5:24:28,0:08,8,7407885374367796522,0
9/6/24,5:24:36,0:04,4,7408063782481612074,0
9/6/24,5:24:40,0:19,19,7410637283428191519,0
9/6/24,5:24:59,0:16,16,7408001232851225887,0
9/6/24,5:25:15,0:10,10,7402392926640278814,0
9/6/24,5:25:25,0:01,1,7408721907803114798,0
9/6/24,5:25:26,0:01,1,7403545663188831505,0
9/6/24,5:25:27,0:10,10,7407240714377071915,0
9/6/24,5:25:37,0:07,7,7393737849377525024,0
9/6/24,5:25:44,0:23,23,7400521813840743711,0
9/6/24,5:26:07,0:06,6,7410486742870019335,0
9/6/24,5:26:13,0:10,10,7406385750410857758,0
9/6/24,5:26:23,0:03,3,7408273897336032558,0
9/6/24,5:26:26,0:01,1,7395268097575275777,0
9/6/24,5:26:27,0:17,17,7405564683047931166,0
9/6/24,5:26:44,0:05,5,7406938087374196014,0
9/6/24,5:26:49,0:02,2,7410533633993297194,0
9/6/24,5:26:51,0:52,52,7404794649484840200,0
9/6/24,5:27:43,0:30,30,7411272303599701278,0
9/6/24,5:28:13,0:02,2,7404899141660233003,0
9/6/24,5:28:15,0:07,7,7406422100719717662,0
9/6/24,5:28:22,0:01,1,7408594801991404801,0
9/6/24,5:28:23,0:05,5,7405350609999678766,0
9/6/24,5:28:28,0:11,11,7406511138843708702,0
9/6/24,5:28:39,0:17,17,7396003339080633605,0
9/6/24,5:28:56,0:06,6,7410776027640778026,0
9/6/24,5:29:02,0:27,27,7408647432696778030,0
9/6/24,5:29:29,0:06,6,7402745216903499051,0
9/6/24,5:29:35,0:07,7,7410668947311234346,0
9/6/24,5:29:42,0:01,1,7406395277835242769,0
9/6/24,5:29:43,0:03,3,7400797425402744080,0
9/6/24,5:29:46,53:29:00,no data,7410895525429480746,0
9/6/24,22:23:15,0:04,4,7408662261071400193,0
9/6/24,22:23:19,0:05,5,7411591727326203179,0
9/6/24,22:23:24,0:51,51,7410864695986375967,1
9/6/24,22:24:15,1:15,75,7411174180244262175,1
9/6/24,22:25:30,0:10,10,7410813723855654186,0
9/6/24,22:25:40,0:02,2,7405069735211060523,0
9/6/24,22:25:42,0:16,16,7410846676925173023,0
9/6/24,22:25:58,1:19,79,7408687514518670622,0
9/6/24,22:27:17,0:01,1,7411625383105219886,0
9/6/24,22:27:18,0:10,10,7410797497993530667,0
9/6/24,22:27:28,0:17,17,7411484157555117343,1
9/6/24,22:27:45,0:02,2,7406039911947586846,0
9/6/24,22:27:47,3:03,183,7411541154048642346,1
9/6/24,22:30:50,3:37,217,7411352609874808107,0
9/6/24,22:34:27,0:07,7,7411530415690829087,0
9/6/24,22:34:34,0:15,15,7397372004539616519,0
9/6/24,22:34:49,0:01,1,7397817685733657872,0
9/6/24,22:34:50,0:09,9,7411310127149632810,0
9/6/24,22:34:59,0:22,22,7385985769623653665,0
9/6/24,22:35:21,5:01,300,7410995582313041182,1
9/6/24,22:40:22,0:20,20,7392957485377703199,0
9/6/24,22:40:42,0:01,1,7392001499074759952,0
9/6/24,22:40:43,0:23,23,7410898706096229678,0
9/6/24,22:41:06,0:06,6,7411561224254557483,0
9/6/24,22:41:12,0:05,5,7411309605482990879,0
9/6/24,22:41:17,6:05,no data,7411580577356205342,1
9/6/24,23:47:22,0:01,1,7391907797446806800,0
9/6/24,23:47:23,0:02,2,7410523980492279046,0
9/6/24,23:47:25,0:03,3,7411248546227211566,0
9/6/24,23:47:28,0:08,8,7399429288363101446,0
9/6/24,23:47:36,0:04,4,7408562110965255467,0
9/6/24,23:47:40,0:01,1,7406087495777078559,0
9/6/24,23:47:41,0:06,6,7411318642706484511,0
9/6/24,23:47:47,no data,no data,7410899506755292462,0
9/7/24,3:48:50,0:03,3,7410623892236160286,0
9/7/24,3:48:53,0:03,3,7406094924514348318,0
9/7/24,3:48:56,2:51,171,7409685180954185003,1
9/7/24,3:51:47,0:38,38,7400426383970749701,0
9/7/24,3:52:25,0:05,5,7408552460681366814,0
9/7/24,3:52:30,0:12,12,7406562601485864235,1
9/7/24,3:52:42,0:13,13,7411352771322023211,0
9/7/24,3:52:55,0:12,12,7410796030104538410,0
9/7/24,3:53:07,0:48,48,7410954167528803614,0
9/7/24,3:53:55,0:01,1,7405986403760262416,0
9/7/24,3:53:56,0:08,8,7411564579840412970,0
9/7/24,3:54:04,0:07,7,7411446355131960609,0
9/7/24,3:54:11,0:02,2,7407641654087208235,0
9/7/24,3:54:13,0:01,1,7406269054056418576,0
9/7/24,3:54:14,0:03,3,7408266496146689311,0
9/7/24,3:54:17,0:08,8,7407896390073945376,0
9/7/24,3:54:25,1:28,88,7411150250842279199,1
9/7/24,3:55:53,0:17,17,7409097646599671072,0
9/7/24,3:56:10,0:01,1,7410538401511787792,0
9/7/24,3:56:11,0:03,3,7411230813217361195,0
9/7/24,3:56:14,0:02,2,7407903016138919210,0
9/7/24,3:56:16,0:14,14,7405380189238283566,0
9/7/24,3:56:30,0:01,1,7411680315623607594,0
9/7/24,3:56:31,0:02,2,7410933603628109099,0
9/7/24,3:56:33,0:24,24,7411647805632138526,0
9/7/24,3:56:57,0:01,1,7410830338236239121,0
9/7/24,3:56:58,3:08,188,7408965313150209322,1
9/7/24,4:00:06,1:03,63,7387195328983862570,0
9/7/24,4:01:09,0:54,54,7410947275234577694,1
9/7/24,4:02:03,0:01,1,7403471323151748383,0
9/7/24,4:02:04,0:38,38,7407883933615918366,0
9/7/24,4:02:42,0:02,2,7408942325143031082,0
9/7/24,4:02:44,0:29,29,7411246086909742367,0
9/7/24,4:03:13,0:01,1,7411292384719293729,0
9/7/24,4:03:14,0:05,5,7408935632661253418,0
9/7/24,4:03:19,0:01,1,7410425006649265424,0
9/7/24,4:03:20,0:13,13,7411628381202173226,0
9/7/24,4:03:33,0:01,1,7411722088869940511,0
9/7/24,4:03:34,2:09,129,7394978022400658734,1
9/7/24,4:05:43,0:06,6,7403024746813672734,0
9/7/24,4:05:49,0:12,12,7401147804720106769,0
9/7/24,4:05:49,0:00,0,7396880934894603551,0
9/7/24,4:06:01,0:04,4,7405288806917688581,0
9/7/24,4:06:05,0:04,4,7410954446957464863,0
9/7/24,4:06:09,0:42,42,7400421427700157738,0
9/7/24,4:06:51,0:01,1,7408592371258101009,0
9/7/24,4:06:52,0:09,9,7411162557530131754,0
9/7/24,4:07:01,1:02,62,7411005147381320990,0
9/7/24,4:08:03,0:08,8,7411509161797733674,0
9/7/24,4:08:11,0:13,13,7410746742641151274,0
9/7/24,4:08:24,0:01,1,7400488354325908752,0
9/7/24,4:08:25,0:02,2,7410414389687258398,0
9/7/24,4:08:27,0:03,3,7382814521636769066,0
9/7/24,4:08:30,0:30,30,7411640002209189162,0
9/7/24,4:09:00,0:28,28,7410835885161221422,0
9/7/24,4:09:28,1:11,71,7407839110196677934,0
9/7/24,4:10:39,0:01,1,7392001499074759952,0
9/7/24,4:10:40,1:03,63,7403060325932666143,0
9/7/24,4:11:43,0:05,5,7410833067868294442,0
9/7/24,4:11:48,0:10,10,7410901267830066475,0
9/7/24,4:11:58,0:08,8,7381914991772830981,0
9/7/24,4:12:06,0:12,12,7390044955420413200,0
9/7/24,4:12:06,0:00,0,7411224448629525793,0
9/7/24,4:12:18,0:01,1,7410864723714985258,0
9/7/24,4:12:19,0:09,9,7410879256118529310,0
9/7/24,4:12:28,0:08,8,7405651663148551470,0
9/7/24,4:12:36,0:01,1,7410896974091685137,0
9/7/24,4:12:37,0:02,2,7410024722420780318,0
9/7/24,4:12:39,0:22,22,7411363883295739166,0
9/7/24,4:13:01,0:05,5,7407476469426851118,0
9/7/24,4:13:06,0:01,1,7387447829742095659,0
9/7/24,4:13:07,0:02,2,7406849471616945454,0
9/7/24,4:13:09,0:11,11,7402800659680087326,0
9/7/24,4:13:20,31:47:00,no data,7411636888198483230,0
9/7/24,13:45:07,0:01,1,7411157780104498449,0
9/7/24,13:45:08,0:01,1,7410252151722691870,0
9/7/24,13:45:09,0:13,13,7405428995656846622,0
9/7/24,13:45:22,0:01,1,7340430463821008130,0
9/7/24,13:45:23,0:08,8,7405084528223472938,0
9/7/24,13:45:31,0:13,13,7411141065073233182,0
9/7/24,13:45:44,1:06,66,7390811793683156266,0
9/7/24,13:46:50,0:36,36,7410144599991225631,0
9/7/24,13:47:26,0:05,5,7408313339324943658,0
9/7/24,13:47:31,0:03,3,7411772610863713553,0
9/7/24,13:47:34,0:39,39,7405774999669312798,0
9/7/24,13:48:13,1:06,66,7411255076221685023,1
9/7/24,13:49:19,0:15,15,7411591681377619230,1
9/7/24,13:49:34,0:13,13,7391569015149251883,0
9/7/24,13:49:47,0:05,5,7408264379172441374,0
9/7/24,13:49:52,0:01,1,7405623117646679297,0
9/7/24,13:49:53,0:11,11,7406779775257201966,0
9/7/24,13:50:04,0:30,30,7411723546138807583,0
9/7/24,13:50:34,0:36,36,7410476110493830433,1
9/7/24,13:51:10,0:18,18,7404528306051190058,0
9/7/24,13:51:28,1:11,71,7411827159993437472,1
9/7/24,13:52:39,0:37,37,7386164073605614894,0
9/7/24,13:53:16,0:54,54,7411170312261307690,0
9/7/24,13:54:10,0:06,6,7411561626333121822,0
9/7/24,13:54:16,0:59,59,7410243778360937774,0
9/7/24,13:55:15,0:27,27,7408288750884687135,0
9/7/24,13:55:42,0:02,2,7411226952176110865,0
9/7/24,13:55:44,0:03,3,7406962971034799406,0
9/7/24,13:55:47,0:53,53,7411181712660499755,1
9/7/24,13:56:40,0:25,25,7411275336580599073,0
9/7/24,13:57:05,0:04,4,7411626975833427230,0
9/7/24,13:57:09,0:02,2,7408592383291428113,0
9/7/24,13:57:11,0:29,29,7411609725281881386,0
9/7/24,13:57:40,0:03,3,7411358927348337966,0
9/7/24,13:57:43,0:57,57,7403820893769616683,0
9/7/24,13:58:40,0:01,1,7384473820075248927,0
9/7/24,13:58:41,1:10,70,7387771234089487623,1
9/7/24,13:59:51,0:28,28,7399254430840933640,0
9/7/24,14:00:19,0:04,4,7408640193969884462,0
9/7/24,14:00:23,0:01,1,7392325827062680878,0
9/7/24,14:00:24,2:03,123,7408469650134060319,0
9/7/24,14:02:27,1:04,64,7383380500758433066,1
9/7/24,14:03:31,1:30,90,7410145898153413918,1
9/7/24,14:05:01,0:10,10,7402126591381261599,0
9/7/24,14:05:11,0:11,11,7411601526520565022,0
9/7/24,14:05:22,0:10,10,7236805237632159019,0
9/7/24,14:05:32,0:09,9,7401349288762068255,0
9/7/24,14:05:41,0:02,2,7410484062348954923,0
9/7/24,14:05:43,0:02,2,7411741933443370245,0
9/7/24,14:05:45,0:02,2,7381848722486906142,0
9/7/24,14:05:47,0:05,5,7409365318293802286,0
9/7/24,14:05:52,0:02,2,7391889481260911889,0
9/7/24,14:05:54,0:01,1,7409328700040170785,0
9/7/24,14:05:55,0:27,27,7400806386390682922,0
9/7/24,14:06:22,no data,no data,7407539452219837726,1
9/7/24,18:52:58,0:03,3,7407844299209067792,0
9/7/24,18:53:01,1:02,62,7394856679323585824,1
9/7/24,18:54:03,0:36,36,7406106696839367968,0
9/7/24,18:54:39,0:05,5,7411277961820687658,0
9/7/24,18:54:44,0:11,11,7407602491837271327,0
9/7/24,18:54:55,0:31,31,7399066087075204383,0
9/7/24,18:55:26,0:03,3,7391852298277801248,0
9/7/24,18:55:29,1:18,78,7407438132481674528,0
9/7/24,18:56:47,0:01,1,7403400435240865040,0
9/7/24,18:56:48,0:17,17,7404589452716199198,0
9/7/24,18:57:05,0:35,35,7388570747318439211,0
9/7/24,18:57:40,0:06,6,7411211500494376224,0
9/7/24,18:57:46,0:01,1,7408607538616290577,0
9/7/24,18:57:47,1:27,87,7410804102843649313,0
9/7/24,18:59:14,0:18,18,7403195741419719966,0
9/7/24,18:59:32,0:28,28,7403533019228818719,0
9/7/24,19:00:00,0:15,15,7400872276566101278,0
9/7/24,19:00:15,0:01,1,7408644002066533649,0
9/7/24,19:00:16,0:10,10,7411510048377163051,0
9/7/24,19:00:26,0:03,3,7389002661388995883,0
9/7/24,19:00:29,0:01,1,7411578181829823774,0
9/7/24,19:00:30,0:05,5,7411898780540292382,0
9/7/24,19:00:35,0:01,1,7407892181408566545,0
9/7/24,19:00:36,no data,no data,7410507389339798826,0
10/1/24,5:46:33,0:00:17,17,7419906951175343402,0
10/1/24,5:46:50,0:00:26,26,7420596214351121707,0
10/1/24,5:47:16,0:00:33,33,7415954139127106847,0
10/1/24,5:47:49,0:00:07,7,7419371707238075655,0
10/1/24,5:47:56,0:00:01,1,7417667405004016942,0
10/1/24,5:47:57,0:00:01,1,7419059518866279723,0
10/1/24,5:47:58,0:00:06,6,7417321703942016302,0
10/1/24,5:48:04,0:00:09,9,7406866355531549994,0
10/1/24,5:48:13,0:00:04,4,7416435144514424107,0
10/1/24,5:48:17,0:00:01,1,7414861407096720682,0
10/1/24,5:48:18,0:00:39,39,7420423882890366238,0
10/1/24,5:48:57,0:00:00,0,7419045839806516522,0
10/1/24,5:48:57,0:01:10,70,7414636152734469406,0
10/1/24,5:50:07,0:00:38,38,7420536049069198623,0
10/1/24,5:50:45,0:00:02,2,7419984538257968426,0
10/1/24,5:50:47,0:00:02,2,7418945295750401313,0
10/1/24,5:50:49,0:00:29,29,7420609489059171630,0
10/1/24,5:51:18,0:00:01,1,7397561609482145040,0
10/1/24,5:51:19,0:01:43,103,7419733067822157098,0
10/1/24,5:53:02,0:00:50,50,7420551187516230944,0
10/1/24,5:53:52,0:00:03,3,7400119458506804526,0
10/1/24,5:53:55,0:00:11,11,7420578700632018184,0
10/1/24,5:54:06,0:00:05,5,7420535171528576299,0
10/1/24,5:54:11,0:00:01,1,7394559143400475947,0
10/1/24,5:54:12,0:00:04,4,7419978406349081887,0
10/1/24,5:54:16,0:00:08,8,7419367717003709738,0
10/1/24,5:54:24,0:00:09,9,7419751005736275233,0
10/1/24,5:54:33,0:00:06,6,7420627271465094446,0
10/1/24,5:54:39,0:00:59,59,7419870113886686495,0
10/1/24,5:55:38,0:00:51,51,7418622011020168491,0
10/1/24,5:56:29,0:00:01,1,7417964834865614097,0
10/1/24,5:56:30,0:00:19,19,7419885946625150251,0
10/1/24,5:56:49,0:00:07,7,7420106281815444766,0
10/1/24,5:56:56,0:00:02,2,7417601882035768622,0
10/1/24,5:56:58,0:00:01,1,7419821648771157279,0
10/1/24,5:56:59,0:00:14,14,7420039078013390123,0
10/1/24,5:57:13,0:00:10,10,7416603018751135018,0
10/1/24,5:57:23,0:00:01,1,7394514139386858753,0
10/1/24,5:57:24,0:00:06,6,7415065957443308831,0
10/1/24,5:57:30,0:00:06,6,7420576627748310318,0
10/1/24,5:57:36,0:00:18,18,7419935076185541918,0
10/1/24,5:57:54,0:00:05,5,7419398556194262315,0
10/1/24,5:57:59,0:00:17,17,7420499060307561759,0
10/1/24,5:58:16,0:00:10,10,7419726966397652270,0
10/1/24,5:58:26,0:00:06,6,7420005716217367841,0
10/1/24,5:58:32,0:00:07,7,7420433565575417134,0
10/1/24,5:58:39,0:00:44,44,7413585608032914730,0
10/1/24,5:59:23,9:50:33,no data,7416029231836171526,0
10/1/24,15:49:56,0:00:15,15,7420440263228689706,0
10/1/24,15:50:11,0:00:02,2,7419826011111443744,0
10/1/24,15:50:13,0:00:11,11,7419735220749897002,0
10/1/24,15:50:24,0:00:58,58,7420572745240546566,0
10/1/24,15:51:22,0:00:01,1,7419078405930503440,0
10/1/24,15:51:23,0:00:06,6,7420297036265737503,0
10/1/24,15:51:29,0:00:22,22,7420449596721138974,0
10/1/24,15:51:51,0:00:07,7,7419027901045132586,0
10/1/24,15:51:58,0:00:00,0,7420552579182021918,0
10/1/24,15:51:58,0:01:48,108,7416734837907688705,0
10/1/24,15:53:46,0:00:13,13,7420623178969435434,0
10/1/24,15:53:59,0:00:39,39,7419493555279908103,0
10/1/24,15:54:38,0:00:01,1,7414211490925890817,0
10/1/24,15:54:39,0:00:12,12,7419899114286206254,0
10/1/24,15:54:51,0:00:12,12,7420704784497380639,0
10/1/24,15:55:03,0:01:01,61,7420675557869915438,0
10/1/24,15:56:04,0:00:20,20,7420630814897048875,1
10/1/24,15:56:24,0:00:06,6,7420584166544149777,0
10/1/24,15:56:30,0:00:20,20,7418289389760974122,0
10/1/24,15:56:50,0:00:19,19,7420228310858222890,0
10/1/24,15:57:09,0:00:26,26,7420570133518716190,0
10/1/24,15:57:35,0:00:11,11,7417607140421979434,0
10/1/24,15:57:46,0:00:03,3,7415279762601561374,0
10/1/24,15:57:49,0:00:00,0,7416462045182217503,0
10/1/24,15:57:49,0:00:06,6,7419459575159606570,0
10/1/24,15:57:55,0:00:02,2,7420835635038113067,0
10/1/24,15:57:57,0:00:04,4,7420165261967265067,0
10/1/24,15:58:01,0:00:05,5,7420139844694854943,0
10/1/24,15:58:06,0:00:10,10,7417266553307122987,0
10/1/24,15:58:16,0:00:01,1,7418318302457466128,0
10/1/24,15:58:17,0:00:03,3,7415425209492081962,0
10/1/24,15:58:20,0:00:11,11,7402746804107775263,0
10/1/24,15:58:31,0:00:29,29,7420472758766751009,0
10/1/24,15:59:00,0:00:31,31,7419098820480355627,0
10/1/24,15:59:31,0:00:15,15,7420831460115991851,0
10/1/24,15:59:46,0:01:53,113,7419873559218015534,0
10/1/24,16:01:39,0:00:16,16,7420430542383942945,1
10/1/24,16:01:55,0:00:34,34,7420643924219399466,0
10/1/24,16:02:29,0:00:07,7,7419665567403035936,0
10/1/24,16:02:36,0:00:10,10,7419885348618013994,0
10/1/24,16:02:46,0:00:07,7,7420261917500951851,0
10/1/24,16:02:53,0:00:17,17,7418770764897307935,0
10/1/24,16:03:10,0:00:15,15,7420560987020971306,0
10/1/24,16:03:25,0:00:16,16,7411724091004095786,0
10/1/24,16:03:41,0:00:05,5,7416764361701674256,0
10/1/24,16:03:46,0:00:12,12,7419850921112243499,0
10/1/24,16:03:58,0:00:20,20,7414001379523579144,0
10/1/24,16:04:18,0:00:06,6,7420280990892821802,0
10/1/24,16:04:24,0:00:05,5,7419858286461193505,0
10/1/24,16:04:29,0:00:18,18,7420661924091743530,0
10/1/24,16:04:47,0:00:01,1,7416782323879824656,0
10/1/24,16:04:48,0:00:09,9,7420217137807117598,0
10/1/24,16:04:57,0:00:07,7,7420445136187903238,0
10/1/24,16:05:04,0:00:28,28,7419383361753386272,0
10/1/24,16:05:32,0:00:11,11,7420239095663725854,0
10/1/24,16:05:43,0:00:01,1,7411258739862277419,0
10/1/24,16:05:44,0:00:07,7,7420030679884270880,0
10/1/24,16:05:51,0:00:07,7,7396861079671803166,0
10/1/24,16:05:58,0:00:04,4,7420530100690570538,0
10/1/24,16:06:02,0:00:25,25,7417932806476680491,0
10/1/24,16:06:27,0:00:01,1,7418708541562752298,0
10/1/24,16:06:28,0:00:05,5,7419870397929213214,0
10/1/24,16:06:33,0:00:03,3,7418765298435738922,0
10/1/24,16:06:36,0:00:08,8,7419735717993024799,0
10/1/24,16:06:44,0:00:19,19,7420194106195954987,0
10/1/24,16:07:03,0:00:04,4,7416502898705698091,0
10/1/24,16:07:07,0:00:02,2,7420457442187971886,0
10/1/24,16:07:09,0:00:06,6,7415004325107223838,0
10/1/24,16:07:15,0:00:13,13,7420036285441625387,0
10/1/24,16:07:28,0:00:11,11,7420205078327594286,0
10/1/24,16:07:39,0:00:46,46,7417060153075289376,0
10/1/24,16:08:25,0:00:02,2,7416428835278802181,0
10/1/24,16:08:27,0:00:01,1,7408242110060580113,0
10/1/24,16:08:28,0:00:01,1,7414531895909731626,0
10/1/24,16:08:29,0:00:03,3,7420662629078764843,0
10/1/24,16:08:32,0:01:30,90,7420279637407812895,0
10/1/24,16:10:02,0:00:10,10,7419328421504748831,0
10/1/24,16:10:12,0:00:18,18,7407928791286304032,0
10/1/24,16:10:30,0:00:01,1,7418669610653814017,0
10/1/24,16:10:31,0:00:09,9,7420116739381366062,1
10/1/24,16:10:40,0:00:07,7,7420552422575197482,0
10/1/24,16:10:47,0:00:12,12,7419999766936866090,0
10/1/24,16:10:59,0:00:15,15,7420413505066536235,0
10/1/24,16:11:14,0:00:12,12,7420562470898634015,0
10/1/24,16:11:26,0:00:02,2,7418814049745571073,0
10/1/24,16:11:28,0:00:03,3,7412806549271235882,0
10/1/24,16:11:31,0:00:02,2,7420839368761412910,0
10/1/24,16:11:33,0:00:14,14,7420523196153072926,0
10/1/24,16:11:47,0:00:22,22,7420187450875694367,1
10/1/24,16:12:09,0:00:01,1,7420453100697210128,0
10/1/24,16:12:10,0:00:10,10,7420186343818644782,0
10/1/24,16:12:20,0:00:17,17,7419433757125512494,0
10/1/24,16:12:37,0:00:08,8,7419755165009333546,0
10/1/24,16:12:45,0:01:08,68,7419523564572806442,0
10/1/24,16:13:53,0:00:04,4,7419911363184577835,0
10/1/24,16:13:57,0:00:03,3,7410425529569938731,0
10/1/24,16:14:00,0:00:05,5,7420618843980041515,0
10/1/24,16:14:05,0:00:11,11,7406728899205401887,0
10/1/24,16:14:16,0:01:33,93,7420480901685071150,0
10/1/24,16:15:49,0:00:19,19,7415567084823973166,1
10/1/24,16:16:08,0:00:00,0,7414309520689728810,0
10/1/24,16:16:08,0:00:06,6,7416114260809469200,0
10/1/24,16:16:14,0:00:13,13,7418535243084205344,0
10/1/24,16:16:27,0:00:06,6,7419894864826862891,0
10/1/24,16:16:33,0:00:09,9,7420611374067289375,0
10/1/24,16:16:42,0:00:10,10,7398154800849833259,0
10/1/24,16:16:52,0:00:01,1,7418659489198476586,0
10/1/24,16:16:53,0:00:24,24,7418769963332160810,0
10/1/24,16:17:17,0:00:28,28,7420399495076220203,0
10/1/24,16:17:45,0:00:19,19,7411503122259954974,0
10/1/24,16:18:04,0:00:23,23,7420217229200968990,0
10/1/24,16:18:27,0:00:10,10,7420083250338565406,0
10/1/24,16:18:37,0:00:06,6,7418674771682004266,0
10/1/24,16:18:43,0:00:22,22,7416184365253791022,0
10/1/24,16:19:05,0:00:05,5,7418951960860085547,0
10/1/24,16:19:10,0:00:07,7,7418348295375867179,0
10/1/24,16:19:17,0:00:05,5,7418945847225781522,0
10/1/24,16:19:22,0:00:10,10,7416500085963476270,0
10/1/24,16:19:32,0:00:00,0,7417183152495398175,0
10/1/24,16:19:32,0:00:04,4,7417713202496032001,0
10/1/24,16:19:36,0:00:03,3,7420141261413272864,0
10/1/24,16:19:39,0:00:03,3,7420836858625592618,0
10/1/24,16:19:42,0:00:11,11,7419766847228136736,0
10/1/24,16:19:53,0:00:31,31,7419547856748514590,0
10/1/24,16:20:24,0:00:01,1,7416805486177045761,0
10/1/24,16:20:25,0:00:14,14,7419726439672712494,0
10/1/24,16:20:39,0:00:12,12,7420097245518777643,0
10/1/24,16:20:51,0:00:09,9,7413553174079933738,0
10/1/24,16:21:00,1:46:18,no data,7420128394420981035,0
10/1/24,18:07:18,0:00:21,21,7417523164156005678,0
10/1/24,18:07:39,0:00:01,1,7418295698602462480,0
10/1/24,18:07:40,0:00:10,10,7415467676283276586,0
10/1/24,18:07:50,0:00:02,2,7417100118601534752,0
10/1/24,18:07:52,0:00:11,11,7417610689004440862,0
10/1/24,18:08:03,1:25:04,no data,7419252003525676294,0
10/1/24,19:33:07,0:00:06,6,7411976978607131934,0
10/1/24,19:33:13,0:00:05,5,7276244445593406766,0
10/1/24,19:33:18,0:00:18,18,7420217621624179998,0
10/1/24,19:33:36,0:00:11,11,7419497427956288814,0
10/1/24,19:33:47,0:00:10,10,7413557207221964062,0
10/1/24,19:33:57,0:00:05,5,7420200368941862175,0
10/1/24,19:34:02,0:00:07,7,7415721120571182378,0
10/1/24,19:34:09,0:00:09,9,7404177877127662854,0
10/1/24,19:34:18,0:00:01,1,7419388438308277521,0
10/1/24,19:34:19,0:00:03,3,7418648810831891745,0
10/1/24,19:34:22,0:00:01,1,7420545049471012142,0
10/1/24,19:34:23,0:00:04,4,7420817270240251166,0
10/1/24,19:34:27,0:00:15,15,7419037405992291615,0
10/1/24,19:34:42,0:00:01,1,7416876054977006849,0
10/1/24,19:34:43,0:00:19,19,7420061866757573920,0
10/1/24,19:35:02,0:00:04,4,7420587825294314757,0
10/1/24,19:35:06,0:00:10,10,7419417123107130655,0
10/1/24,19:35:16,0:00:05,5,7416096546506198302,0
10/1/24,19:35:21,0:00:24,24,7416765660493122846,0
10/1/24,19:35:45,0:00:01,1,7418295724208557313,0
10/1/24,19:35:46,0:00:03,3,7415333927646170399,0
10/1/24,19:35:49,0:00:10,10,7420180071073221930,0
10/1/24,19:35:59,0:00:11,11,7419888865160236331,0
10/1/24,19:36:10,0:00:34,34,7415290445292424490,0
10/1/24,19:36:44,0:00:14,14,7417354847512562975,0
10/1/24,19:36:58,0:00:03,3,7411427117776276752,0
10/1/24,19:37:01,0:00:08,8,7415226754308050219,0
10/1/24,19:37:09,0:00:12,12,7420144149002718506,0
10/1/24,19:37:21,0:00:40,40,7420486670375554335,0
10/1/24,19:38:01,0:00:03,3,7420856117955349806,0
10/1/24,19:38:04,0:00:14,14,7420890169437326622,0
10/1/24,19:38:18,0:00:01,1,7358888835935161616,0
10/1/24,19:38:19,0:02:59,179,7418802035048402206,0
10/1/24,19:41:18,0:00:10,10,7420172550304501023,0
10/1/24,19:41:28,0:00:10,10,7420888434589519150,0
10/1/24,19:41:38,0:00:09,9,7420135296433507614,0
10/1/24,19:41:47,0:00:16,16,7420824692476464426,0
10/1/24,19:42:03,0:00:04,4,7420563755940973855,0
10/1/24,19:42:07,0:00:02,2,7417956070934547755,0
10/1/24,19:42:09,0:00:00,0,7420827704578051358,0
10/1/24,19:42:09,0:00:21,21,7397475604687244545,0
10/1/24,19:42:30,0:00:06,6,7393362818579402016,0
10/1/24,19:42:36,0:00:14,14,7420213426661723435,0
10/1/24,19:42:50,0:00:05,5,7420355960553770286,0
10/1/24,19:42:55,0:00:22,22,7420314341968317738,0
10/1/24,19:43:17,0:00:00,0,7420551134152183086,0
10/1/24,19:43:17,0:00:04,4,7414162772969262352,0
10/1/24,19:43:21,0:00:25,25,7420630787973795115,0
10/1/24,19:43:46,0:00:06,6,7420397105388326176,0
10/1/24,19:43:52,0:00:25,25,7420587360380914986,0
10/1/24,19:44:17,0:00:04,4,7420179983479491882,0
10/1/24,19:44:21,0:00:01,1,7416334444354702608,0
10/1/24,19:44:22,0:00:09,9,7412276274061643039,0
10/1/24,19:44:31,0:00:07,7,7417232667323878702,0
10/1/24,19:44:38,0:00:13,13,7420430360665951534,0
10/1/24,19:44:51,0:00:03,3,7420217708379131166,0
10/1/24,19:44:54,0:00:01,1,7419840170909830430,0
10/1/24,19:44:55,0:00:10,10,7420498962831953182,0
10/1/24,19:45:05,0:00:01,1,7416334239127375120,0
10/1/24,19:45:06,0:00:28,28,7419847495842401566,0
10/1/24,19:45:34,0:01:36,96,7417213885431827742,0
10/1/24,19:47:10,0:00:14,14,7415042973865495851,0
10/1/24,19:47:24,0:00:13,13,7401771294821190930,0
10/1/24,19:47:37,0:00:06,6,7420442539850763553,0
10/1/24,19:47:43,0:00:01,1,7381949427939888400,0
10/1/24,19:47:44,0:00:42,42,7420397032352877867,0
10/1/24,19:48:26,0:00:02,2,7420479563064462635,0
10/1/24,19:48:28,0:00:02,2,7420444022067432747,0
10/1/24,19:48:30,1:54:18,no data,7413902545699081503,0
10/1/24,21:42:48,0:00:22,22,7419465741683952938,0
10/1/24,21:43:10,0:00:04,4,7404942020004842784,0
10/1/24,21:43:14,0:00:01,1,7419404682566569233,0
10/1/24,21:43:15,0:00:02,2,7420623836523023658,0
10/1/24,21:43:17,0:00:02,2,7419792272562146566,0
10/1/24,21:43:19,0:00:07,7,7419654240144084256,0
10/1/24,21:43:26,0:00:11,11,7420082029439651118,0
10/1/24,21:43:37,0:00:15,15,7420274478107594027,0
10/1/24,21:43:52,0:00:01,1,7400645696950471979,0
10/1/24,21:43:53,0:00:38,38,7420518436440231214,0
10/1/24,21:44:31,0:00:01,1,7420919908244000031,0
10/1/24,21:44:32,0:00:20,20,7420597571606826283,0
10/1/24,21:44:52,1:11:33,no data,7420862138345999659,0
10/1/24,22:56:25,0:00:00,0,7420151802709937438,0
10/1/24,22:56:25,0:00:13,13,7419388438308244753,0
10/1/24,22:56:38,0:00:19,19,7419859499827088683,0
10/1/24,22:56:57,0:00:04,4,7420416789013630254,0
10/1/24,22:57:01,0:00:02,2,7420872787142757675,0
10/1/24,22:57:03,0:00:05,5,7415049450894134571,0
10/1/24,22:57:08,0:00:01,1,7408082959254703376,0
10/1/24,22:57:09,0:00:07,7,7417157086095707435,0
10/1/24,22:57:16,0:00:45,45,7418957702061100319,0
10/1/24,22:58:01,0:00:11,11,7420538470885641504,0
10/1/24,22:58:12,0:00:19,19,7417116160358944006,0
10/1/24,22:58:31,0:00:04,4,7419790235069910302,0
10/1/24,22:58:35,0:00:01,1,7418339937021447440,0
10/1/24,22:58:36,0:27:40,no data,7420466813730835754,0
10/1/24,23:26:16,0:00:08,8,7418732202566913311,0
10/1/24,23:26:24,0:00:19,19,7420559423828921643,0
10/1/24,23:26:43,0:00:10,10,7420521462894808350,0
10/1/24,23:26:53,0:00:07,7,7418706546143644960,0
10/1/24,23:27:00,0:00:12,12,7420543424010456350,0
10/1/24,23:27:12,0:00:01,1,7404955167780506897,0
10/1/24,23:27:13,0:00:19,19,7416031035395247382,1
10/1/24,23:27:32,0:01:29,89,7419536031709498666,0
10/1/24,23:29:01,0:00:04,4,7419910520658201902,0
10/1/24,23:29:05,0:00:09,9,7415435479123856672,0
10/1/24,23:29:14,0:00:02,2,7420906578196598062,0
10/1/24,23:29:16,0:00:03,3,7418032044925537566,0
10/1/24,23:29:19,0:00:01,1,7420899781402201361,0
10/1/24,23:29:20,0:00:36,36,7420927032864886059,0
10/1/24,23:29:56,0:00:33,33,7420770953287748907,0
10/1/24,23:30:29,0:00:12,12,7418797381128424709,0
10/1/24,23:30:41,0:00:18,18,7420425134546226463,0
10/1/24,23:30:59,0:00:02,2,7420577830548950314,0
10/1/24,23:31:01,0:00:01,1,7419051652814048513,0
10/1/24,23:31:02,0:00:13,13,7420866834486005038,0
10/1/24,23:31:15,0:00:18,18,7420605692714749226,0
10/1/24,23:31:33,0:00:08,8,7420804324055354667,0
10/1/24,23:31:41,0:00:51,51,7419750742174600491,0
10/1/24,23:32:32,0:00:09,9,7420928804790570283,0
10/1/24,23:32:41,0:00:33,33,7420310503232179498,0
10/1/24,23:33:14,0:00:01,1,7397488936324549889,0
10/1/24,23:33:15,0:00:07,7,7420944524081499434,0
10/1/24,23:33:22,0:00:02,2,7420889243158908190,0
10/1/24,23:33:24,0:00:12,12,7410809820313390378,0
10/1/24,23:33:36,0:00:12,12,7420264597753449771,0
10/1/24,23:33:48,0:00:03,3,7420817823301176607,0
10/1/24,23:33:51,0:00:00,0,7420101207106276654,0
10/1/24,23:33:51,0:00:33,33,7414162772969245968,0
10/1/24,23:34:24,0:00:05,5,7420861091032435998,0
10/1/24,23:34:29,0:00:02,2,7420948094981852459,0
10/1/24,23:34:31,0:00:24,24,7416684519060671777,0
10/1/24,23:34:55,0:00:11,11,7420638038713240875,0
10/1/24,23:35:06,0:00:16,16,7408191806074047790,0
10/1/24,23:35:22,0:00:01,1,7420868283282296107,0
10/1/24,23:35:23,0:00:08,8,7411688837841177887,0
10/1/24,23:35:31,0:00:35,35,7420518573346491691,0
10/1/24,23:36:06,###############################################################################################################################################################################################################################################################,no data,7420433756399406366,0
10/2/24,2:21:02,0:00:13,13,7420543472752446763,0
10/2/24,2:21:15,0:00:24,24,7420994002658331947,0
10/2/24,2:21:39,0:00:07,7,7416447982398229791,0
10/2/24,2:21:46,0:00:02,2,7416099694843104513,0
10/2/24,2:21:48,0:00:37,37,7416559702223359274,0
10/2/24,2:22:25,0:00:03,3,7420918206254140702,0
10/2/24,2:22:28,0:00:02,2,7419388382691855617,0
10/2/24,2:22:30,0:00:04,4,7420824185951292703,0
10/2/24,2:22:34,0:00:09,9,7420138521714773291,0
10/2/24,2:22:43,0:00:26,26,7420943473966206239,1
10/2/24,2:23:09,0:00:16,16,7420534741452983583,0
10/2/24,2:23:25,1:35:12,no data,7420552499435687198,0
10/2/24,3:58:37,0:00:01,1,7419013160423804203,0
10/2/24,3:58:38,0:00:25,25,7420958595174386975,0
10/2/24,3:59:03,0:00:07,7,7420553317387963681,0
10/2/24,3:59:10,0:00:24,24,7420536406839201067,0
10/2/24,3:59:34,0:00:43,43,7415991837510487313,0
10/2/24,4:00:17,0:00:20,20,7420876803591441707,0
10/2/24,4:00:37,0:00:03,3,7420833562754075935,0
10/2/24,4:00:40,0:00:06,6,7420845889251446046,0
10/2/24,4:00:46,0:00:02,2,7418338120623508752,0
10/2/24,4:00:48,0:00:04,4,7420981671698238766,0
10/2/24,4:00:52,0:00:01,1,7358888835935161616,0
10/2/24,4:00:53,0:00:27,27,7420907611257638187,0
10/2/24,4:01:20,0:00:04,4,7420537783455911211,0
10/2/24,4:01:24,0:00:02,2,7420528349837036806,0
10/2/24,4:01:26,0:00:15,15,7419919527036701994,0
10/2/24,4:01:41,0:00:03,3,7416596306711399710,0
10/2/24,4:01:44,0:00:01,1,7407526277726424321,0
10/2/24,4:01:45,0:00:03,3,7416865199396834606,0
10/2/24,4:01:48,0:00:08,8,7420996077555404074,0
10/2/24,4:01:56,0:00:26,26,7420559987484790059,0
10/2/24,4:02:22,0:00:24,24,7421006325640858922,0
10/2/24,4:02:46,0:00:09,9,7420988108470045994,0
10/2/24,4:02:55,0:00:01,1,7418669609886256400,0
10/2/24,4:02:56,0:00:04,4,7421018242392739118,0
10/2/24,4:03:00,0:00:09,9,7420093028880092438,0
10/2/24,4:03:09,0:00:02,2,7420097689901190433,0
10/2/24,4:03:11,0:00:05,5,7418990633852882219,0
10/2/24,4:03:16,0:00:03,3,7415773856947834155,0
10/2/24,4:03:19,0:00:02,2,7407525146304597249,0
10/2/24,4:03:21,0:00:18,18,7417619656099237162,0
10/2/24,4:03:39,0:00:25,25,7420903885209898282,0
10/2/24,4:04:04,0:00:01,1,7420846354605362464,0
10/2/24,4:04:05,0:00:09,9,7420930730076851502,0
10/2/24,4:04:14,0:00:07,7,7421010668423286058,0
10/2/24,4:04:21,0:00:00,0,7411508716589042952,0
10/2/24,4:04:21,0:00:16,16,7413504230062837022,0
10/2/24,4:04:37,0:00:08,8,7420928144900721963,0
10/2/24,4:04:45,0:00:10,10,7413732606669294894,0
10/2/24,4:04:55,0:00:17,17,7420948683320986923,0
10/2/24,4:05:12,0:00:08,8,7420934983625215262,0
10/2/24,4:05:20,0:00:10,10,7420815281565601070,0
10/2/24,4:05:30,0:00:01,1,7412732359595969838,0
10/2/24,4:05:31,0:00:04,4,7420540206027197739,0
10/2/24,4:05:35,0:00:11,11,7420268631071771947,0
10/2/24,4:05:46,0:00:11,11,7420877269830274350,0
10/2/24,4:05:57,0:00:06,6,7420890775635938606,0
10/2/24,4:06:03,0:00:01,1,7420616697108778270,0
10/2/24,4:06:04,0:00:01,1,7419363604497026320,0
10/2/24,4:06:05,0:00:04,4,7420605953407585567,0
10/2/24,4:06:09,0:00:09,9,7421016486006852895,0
10/2/24,4:06:18,0:00:08,8,7420866295576530222,0
10/2/24,4:06:26,0:00:03,3,7421024218466274602,0
10/2/24,4:06:29,0:00:02,2,7420913888545262878,0
10/2/24,4:06:31,0:00:01,1,7419051652814048513,0
10/2/24,4:06:32,0:00:22,22,7419881199000128810,0
10/2/24,4:06:54,0:00:06,6,7420458888551599402,0
10/2/24,4:07:00,0:00:08,8,7420578677441809707,0
10/2/24,4:07:08,0:00:07,7,7420387892805127456,0
10/2/24,4:07:15,0:00:01,1,7416555060043271455,0
10/2/24,4:07:16,0:00:01,1,7410540612438543633,0
10/2/24,4:07:17,0:00:02,2,7416011057593994527,0
10/2/24,4:07:19,0:00:03,3,7421024319540809006,0
10/2/24,4:07:22,0:00:10,10,7416148044506303775,0
10/2/24,4:07:32,0:00:03,3,7420442461283110190,0
10/2/24,4:07:35,0:00:02,2,7420799126054374698,0
10/2/24,4:07:37,0:00:05,5,7416047553499680016,0
10/2/24,4:07:42,0:00:14,14,7419435785163820331,0
10/2/24,4:07:56,0:00:03,3,7420170208343559467,0
10/2/24,4:07:59,0:00:26,26,7420020218363235616,0
10/2/24,4:08:25,0:00:11,11,7414290837930020139,0
10/2/24,4:08:36,0:00:03,3,7415474099994021150,0
10/2/24,4:08:39,0:00:01,1,7393410106219580688,0
10/2/24,4:08:40,0:00:01,1,7415375203938618667,0
10/2/24,4:08:41,0:00:02,2,7421011204564372778,0
10/2/24,4:08:43,0:00:05,5,7420953425355181358,0
10/2/24,4:08:48,0:00:09,9,7420230338690993454,0
10/2/24,4:08:57,0:00:11,11,7420264589683903790,0
10/2/24,4:09:08,0:00:01,1,7420434385415048464,0
10/2/24,4:09:09,0:00:11,11,7399658749494840609,0
10/2/24,4:09:20,0:00:04,4,7420602743804497194,0
10/2/24,4:09:24,0:00:03,3,7419061167106034986,0
10/2/24,4:09:27,0:00:05,5,7409219689181744391,0
10/2/24,4:09:32,0:00:10,10,7416140523439869230,0
10/2/24,4:09:42,0:00:01,1,7413402113906150673,0
10/2/24,4:09:43,0:00:05,5,7416053566168681758,0
10/2/24,4:09:48,0:00:28,28,7418663195134545185,0
10/2/24,4:10:16,0:00:04,4,7421010516786613535,0
10/2/24,4:10:20,0:00:06,6,7419952531167612191,0
10/2/24,4:10:26,0:00:10,10,7417912910090980651,0
10/2/24,4:10:36,0:00:01,1,7418972273370991888,0
10/2/24,4:10:37,0:00:02,2,7420139740457946410,0
10/2/24,4:10:39,0:00:08,8,7412417649767943466,0
10/2/24,4:10:47,0:00:26,26,7420006876638629152,0
10/2/24,4:11:13,0:00:02,2,7420998971646037291,0
10/2/24,4:11:15,0:00:04,4,7420650974886333727,0
10/2/24,4:11:19,0:00:03,3,7413169653998046507,0
10/2/24,4:11:22,0:00:00,0,7420159716195699975,0
10/2/24,4:11:22,0:00:06,6,7408588659722587408,0
10/2/24,4:11:28,0:00:09,9,7397693492962626849,0
10/2/24,4:11:37,0:00:06,6,7420521731636464926,0
10/2/24,4:11:43,0:00:11,11,7420449541746461995,0
10/2/24,4:11:54,0:00:02,2,7408694591324474640,0
10/2/24,4:11:56,0:00:18,18,7420614034484972830,0
10/2/24,4:12:14,0:00:07,7,7420895792115846443,0
10/2/24,4:12:21,0:00:06,6,7419807262677437739,0
10/2/24,4:12:27,0:00:04,4,7420959127662251306,0
10/2/24,4:12:31,0:00:13,13,7420270674276535595,0
10/2/24,4:12:44,0:00:01,1,7413804831288134913,0
10/2/24,4:12:45,0:00:06,6,7420969478000758062,0
10/2/24,4:12:51,0:00:05,5,7420837221982342430,0
10/2/24,4:12:56,0:00:08,8,7420691176723991838,0
10/2/24,4:13:04,0:00:01,1,7421025333303921951,0
10/2/24,4:13:05,0:00:19,19,7416702940905229598,0
10/2/24,4:13:24,0:00:01,1,7415097427377556753,0
10/2/24,4:13:25,0:00:03,3,7418587647813127470,0
10/2/24,4:13:28,0:00:01,1,7412737223776357665,0
10/2/24,4:13:29,0:01:04,64,7417668154651872543,0
10/2/24,4:14:33,1:48:27,no data,7397064877484854558,0
10/2/24,6:03:00,0:00:02,2,7420949948465794350,0
10/2/24,6:03:02,0:00:02,2,7380561980899298561,0
10/2/24,6:03:04,0:00:25,25,7419921935548615967,0
10/2/24,6:03:29,0:00:04,4,7419703413249805601,0
10/2/24,6:03:33,0:00:35,35,7420938154393275678,0
10/2/24,6:04:08,0:00:08,8,7416366910369041697,0
10/2/24,6:04:16,0:00:12,12,7420953769896168750,0
10/2/24,6:04:28,0:00:01,1,7418669625841306896,0
10/2/24,6:04:29,0:00:24,24,7398969424193129734,0
10/2/24,6:04:53,0:00:16,16,7421005040229371182,0
10/2/24,6:05:09,0:00:19,19,7421002941747744030,0
10/2/24,6:05:28,0:00:11,11,7420953702841765153,0
10/2/24,6:05:39,0:00:02,2,7420989747872451886,0
10/2/24,6:05:41,0:00:00,0,7406115082851159339,0
10/2/24,6:05:41,0:00:13,13,7416822040839081232,0
10/2/24,6:05:54,0:00:23,23,7417231985577610542,0
10/2/24,6:06:17,0:00:03,3,7420510549395377450,0
10/2/24,6:06:20,0:00:05,5,7421000935897451819,0
10/2/24,6:06:25,0:00:59,59,7420824018590207264,0
10/2/24,6:07:24,0:00:01,1,7414223503190134032,0
10/2/24,6:07:25,0:00:15,15,7416518252626595103,0
10/2/24,6:07:40,0:00:04,4,7397004087910419745,0
10/2/24,6:07:44,0:00:16,16,7418279828350143774,0
10/2/24,6:08:00,0:00:11,11,7420822921532280107,0
10/2/24,6:08:11,0:00:08,8,7416971237194304799,0
10/2/24,6:08:19,0:00:01,1,7407603865941495041,0
10/2/24,6:08:20,0:00:10,10,7416454387251334431,0
10/2/24,6:08:30,0:00:24,24,7419798617721998635,0
10/2/24,6:08:54,0:00:05,5,7417735373750570246,0
10/2/24,6:08:59,0:00:07,7,7421012271284882730,0
10/2/24,6:09:06,0:00:17,17,7419460723031559455,0
10/2/24,6:09:23,0:00:01,1,7419404682600172816,0
10/2/24,6:09:24,0:00:15,15,7419477126568512799,0
10/2/24,6:09:39,0:00:11,11,7418212130920385825,0
10/2/24,6:09:50,0:00:17,17,7420996428702567722,0
10/2/24,6:10:07,0:00:05,5,7416845157460446470,0
10/2/24,6:10:12,0:00:06,6,7415522763152182571,0
10/2/24,6:10:18,0:00:01,1,7410543176877968641,0
10/2/24,6:10:19,0:00:02,2,7417503624458145054,0
10/2/24,6:10:21,0:00:16,16,7421011337058356526,0
10/2/24,6:10:37,0:00:17,17,7413124527208664363,0
10/2/24,6:10:54,0:00:36,36,7420997999293222186,0
10/2/24,6:11:30,0:00:05,5,7420994184959544618,0
10/2/24,6:11:35,0:00:09,9,7419445434998852906,0
10/2/24,6:11:44,0:00:01,1,7412708711807896848,0
10/2/24,6:11:45,0:00:12,12,7420217880467246366,0
10/2/24,6:11:57,0:00:10,10,7405379949424692510,0
10/2/24,6:12:07,0:00:12,12,7412442319586184478,0
10/2/24,6:12:19,0:00:18,18,7418325176955243784,0
10/2/24,6:12:37,0:00:14,14,7416152700234042655,0
10/2/24,6:12:51,0:00:01,1,7417900761922784513,0
10/2/24,6:12:52,0:00:03,3,7409105622743960875,0
10/2/24,6:12:55,0:00:30,30,7413875851785260296,1
10/2/24,6:13:25,0:00:30,30,7420678909185838367,0
10/2/24,6:13:55,0:00:10,10,7420915186304879915,0
10/2/24,6:14:05,0:00:02,2,7416406925123882282,0
10/2/24,6:14:07,0:00:01,1,7395983756563074305,0
10/2/24,6:14:08,0:00:05,5,7420609886603480366,0
10/2/24,6:14:13,0:00:12,12,7416192577935822122,0
10/2/24,6:14:25,0:00:54,54,7420956962696744222,0
10/2/24,6:15:19,0:00:20,20,7420927345579658527,0
10/2/24,6:15:39,0:00:18,18,7417624254943857926,0
10/2/24,6:15:57,0:00:01,1,7419052173666864385,0
10/2/24,6:15:58,0:00:03,3,7420119614417423659,0
10/2/24,6:16:01,0:00:06,6,7421050024093584670,0
10/2/24,6:16:07,0:00:03,3,7420870739584240927,0
10/2/24,6:16:10,0:00:09,9,7421033057894829355,0
10/2/24,6:16:19,0:00:01,1,7395596289708248363,0
10/2/24,6:16:20,0:00:03,3,7417138921831664939,0
10/2/24,6:16:23,0:00:34,34,7408677012631751982,0
10/2/24,6:16:57,0:00:19,19,7416733245309504773,0
10/2/24,6:17:16,0:00:05,5,7420169219288878379,0
10/2/24,6:17:21,0:00:05,5,7417262468667313454,0
10/2/24,6:17:26,0:00:01,1,7413402114224852225,0
10/2/24,6:17:27,0:00:02,2,7414693468519271723,0
10/2/24,6:17:29,0:00:17,17,7420639463346326815,0
10/2/24,6:17:46,0:00:19,19,7420865303602580778,0
10/2/24,6:18:05,0:00:10,10,7412439603493211423,0
10/2/24,6:18:15,0:00:19,19,7420058452560579883,0
10/2/24,6:18:34,0:00:11,11,7402331805291990318,0
10/2/24,6:18:45,0:00:23,23,7419536018359094574,0
10/2/24,6:19:08,0:00:15,15,7419881115445447969,0
10/2/24,6:19:23,0:00:12,12,7420603111716359470,0
10/2/24,6:19:35,0:00:10,10,7403280219680836897,0
10/2/24,6:19:45,0:00:01,1,7420434384639053073,0
10/2/24,6:19:46,0:00:19,19,7395228527282425094,0
10/2/24,6:20:05,0:00:03,3,7414184908723195167,0
10/2/24,6:20:08,0:00:06,6,7408723414648638763,0
10/2/24,6:20:14,0:00:21,21,7420112425443183914,0
10/2/24,6:20:35,0:00:05,5,7420416311974513962,0
10/2/24,6:20:40,0:00:46,46,7419105291045752095,0
10/2/24,6:21:26,0:00:01,1,7397507501312249104,0
10/2/24,6:21:27,0:01:18,78,7419462113766296874,0
10/2/24,6:22:45,0:00:05,5,7420157319843024170,0
10/2/24,6:22:50,0:00:17,17,7420617206687386910,0
10/2/24,6:23:07,0:00:01,1,7413847069795831083,0
10/2/24,6:23:08,0:00:07,7,7418394081614630175,0
10/2/24,6:23:15,0:00:01,1,7416001549849136415,0
10/2/24,6:23:16,0:00:12,12,7420889362512006430,0
10/2/24,6:23:28,0:00:57,57,7417627676976057646,0
10/2/24,6:24:25,0:00:09,9,7415989109551942955,0
10/2/24,6:24:34,0:00:07,7,7404966467701067054,0
10/2/24,6:24:41,0:00:10,10,7404113514027126047,0
10/2/24,6:24:51,0:00:01,1,7408247916814470401,0
10/2/24,6:24:52,0:00:32,32,7420561423064943902,0
10/2/24,6:25:24,0:00:03,3,7413436695011413280,0
10/2/24,6:25:27,0:00:05,5,7420948893258599723,0
10/2/24,6:25:32,0:00:04,4,7419174515940363550,0
10/2/24,6:25:36,0:00:01,1,7416597273762745642,0
10/2/24,6:25:37,0:00:02,2,7405604013217189121,0
10/2/24,6:25:39,0:00:02,2,7418742603174202670,0
10/2/24,6:25:41,0:00:09,9,7417977083814530309,0
10/2/24,6:25:50,0:00:17,17,7412871208942767390,0
10/2/24,6:26:07,6:54:21,no data,7417527428773399840,0
10/2/24,13:20:28,0:00:36,36,7410185645622152479,0
10/2/24,13:21:04,0:00:32,32,7417493332508577054,0
10/2/24,13:21:36,0:00:02,2,7420873461108722986,0
10/2/24,13:21:38,0:00:11,11,7421009433427266847,0
10/2/24,13:21:49,0:00:11,11,7419091730273783041,0
10/2/24,13:22:00,0:00:21,21,7420973737429798174,1
10/2/24,13:22:21,0:00:06,6,7417549441504218411,0
10/2/24,13:22:27,0:00:02,2,7415236821413580075,0
10/2/24,13:22:29,0:00:13,13,7400872861289729312,1
10/2/24,13:22:42,0:00:30,30,7420086148480978206,1
10/2/24,13:23:12,0:00:04,4,7418876940188273938,0
10/2/24,13:23:16,0:02:03,123,7421139222817492257,0
10/2/24,13:25:19,0:00:04,4,7421012443385613611,0
10/2/24,13:25:23,0:00:25,25,7420183662349651243,0
10/2/24,13:25:48,0:00:07,7,7421097696632540447,0
10/2/24,13:25:55,0:00:24,24,7420967830427880747,1
10/2/24,13:26:19,0:00:02,2,7418669613484969232,0
10/2/24,13:26:21,0:00:08,8,7420675528308362538,0
10/2/24,13:26:29,0:00:18,18,7420941130633694507,0
10/2/24,13:26:47,0:00:03,3,7420513119874731270,0
10/2/24,13:26:50,0:00:11,11,7402999332703685894,0
10/2/24,13:27:01,0:00:14,14,7416559741565996294,0
10/2/24,13:27:15,0:00:02,2,7420899781402217745,0
10/2/24,13:27:17,0:00:13,13,7419447840029560097,0
10/2/24,13:27:30,0:00:21,21,7415655619736161568,0
10/2/24,13:27:51,0:00:03,3,7420980876139351339,0
10/2/24,13:27:54,0:00:20,20,7420913459245813038,1
10/2/24,13:28:14,0:00:50,50,7419641956080389408,0
10/2/24,13:29:04,0:00:00,0,7420872841458994462,1
10/2/24,13:29:04,0:00:47,47,7395983754621144337,0
10/2/24,13:29:51,0:00:02,2,7420462843297828101,0
10/2/24,13:29:53,0:00:32,32,7421003863223733547,0
10/2/24,13:30:25,0:00:18,18,7414520869982113056,0
10/2/24,13:30:43,0:00:27,27,7420554929137274158,0
10/2/24,13:31:10,0:00:01,1,7397507455825087745,0
10/2/24,13:31:11,0:00:01,1,7419460768954993966,0
10/2/24,13:31:12,0:00:27,27,7418391199322508574,0
10/2/24,13:31:39,0:00:07,7,7420552966060395819,0
10/2/24,13:31:46,0:00:14,14,7420633992250150190,0
10/2/24,13:32:00,0:00:27,27,7420486027275472174,0
10/2/24,13:32:27,0:00:01,1,7411642842495405313,0
10/2/24,13:32:28,0:00:24,24,7395288858243452192,0
10/2/24,13:32:52,0:00:07,7,7419762174156901663,0
10/2/24,13:32:59,3:44:06,no data,7411499107866512645,0
10/2/24,17:17:05,0:00:06,6,7420159808667585798,0
10/2/24,17:17:11,0:00:13,13,7420795042547371310,0
10/2/24,17:17:24,0:00:03,3,7419996590263274784,0
10/2/24,17:17:27,0:00:12,12,7416475950612794655,0
10/2/24,17:17:39,0:00:01,1,7411285609601355009,0
10/2/24,17:17:40,0:00:01,1,7416479667462458655,0
10/2/24,17:17:41,0:00:14,14,7421224183314533675,0
10/2/24,17:17:55,0:00:30,30,7421162644255542559,0
10/2/24,17:18:25,0:00:10,10,7420627407540948255,0
10/2/24,17:18:35,0:00:01,1,7419388390627347729,0
10/2/24,17:18:36,0:00:09,9,7420868991721180462,0
10/2/24,17:18:45,0:00:39,39,7414862806786346271,0
10/2/24,17:19:24,0:00:02,2,7421019229186739502,0
10/2/24,17:19:26,0:00:07,7,7420107474675567905,0
10/2/24,17:19:33,0:00:02,2,7421068850256432385,0
10/2/24,17:19:35,0:00:15,15,7420939948204870942,0
10/2/24,17:19:50,0:00:35,35,7421199070666001694,0
10/2/24,17:20:25,0:00:15,15,7407648383399251242,0
10/2/24,17:20:40,0:00:06,6,7421035261406055722,0
10/2/24,17:20:46,0:00:01,1,7411258739862277419,0
10/2/24,17:20:47,0:00:05,5,7420167455223434528,0
10/2/24,17:20:52,0:00:09,9,7418364037492182303,0
10/2/24,17:21:01,0:00:25,25,7420995889575021867,0
10/2/24,17:21:26,0:00:11,11,7421019582506290474,0
10/2/24,17:21:37,0:00:03,3,7385651404414717200,0
10/2/24,17:21:40,0:00:45,45,7400489987365555461,0
10/2/24,17:22:25,0:00:08,8,7417965030387305770,0
10/2/24,17:22:33,0:00:07,7,7413560455894977838,0
10/2/24,17:22:40,0:00:03,3,7417628886181088543,0
10/2/24,17:22:43,0:00:02,2,7415680960294849808,0
10/2/24,17:22:45,0:00:10,10,7421171462884658478,0
10/2/24,17:22:55,0:00:08,8,7398205302144896287,0
10/2/24,17:23:03,0:00:01,1,7410978350388333854,0
10/2/24,17:23:04,0:00:13,13,7420642563733966110,0
10/2/24,17:23:17,0:00:03,3,7403127312880880926,0
10/2/24,17:23:20,0:00:05,5,7421003672458513706,0
10/2/24,17:23:25,0:00:51,51,7421063020933057822,0
10/2/24,17:24:16,0:00:19,19,7420242705051077896,0
10/2/24,17:24:35,0:00:01,1,7417640261146168619,0
10/2/24,17:24:36,0:00:02,2,7420907518672571690,0
10/2/24,17:24:38,0:00:02,2,7416357330532535594,0
10/2/24,17:24:40,0:00:02,2,7412337131080715526,0
10/2/24,17:24:42,0:00:56,56,7421204392348536107,0
10/2/24,17:25:38,0:00:37,37,7419027197811264799,0
10/2/24,17:26:15,0:00:57,57,7420177009285926187,0
10/2/24,17:27:12,0:00:08,8,7407240948427574558,0
10/2/24,17:27:20,0:00:01,1,7411270849916882218,0
10/2/24,17:27:21,0:00:04,4,7420502879384947999,0
10/2/24,17:27:25,0:00:02,2,7420170617099472133,0
10/2/24,17:27:27,0:00:21,21,7421147370626239787,0
10/2/24,17:27:48,0:00:06,6,7420996059180125471,0
10/2/24,17:27:54,0:00:01,1,7406506519786802474,0
10/2/24,17:27:55,0:00:01,1,7416378490477366544,0
10/2/24,17:27:56,0:00:32,32,7420515743340530974,0
10/2/24,17:28:28,0:00:09,9,7420539206596087086,0
10/2/24,17:28:37,0:00:14,14,7421036806814338350,0
10/2/24,17:28:51,0:00:05,5,7420580250100206891,0
10/2/24,17:28:56,0:00:15,15,7405450569604779272,0
10/2/24,17:29:11,0:00:04,4,7421100173620792584,0
10/2/24,17:29:15,0:00:02,2,7410823098926173456,0
10/2/24,17:29:17,0:00:08,8,7420481395547508011,0
10/2/24,17:29:25,0:00:03,3,7416724375749086506,0
10/2/24,17:29:28,0:00:06,6,7421006969495899422,0
10/2/24,17:29:34,4:16:32,no data,7421185739611770158,0
10/2/24,21:46:06,0:00:37,37,7420574553698487582,1
10/2/24,21:46:43,0:00:01,1,7410837534319676714,0
10/2/24,21:46:44,0:00:09,9,7421011636250545439,0
10/2/24,21:46:53,0:00:10,10,7398264417823018271,0
10/2/24,21:47:03,0:00:48,48,7421113695431855402,0
10/2/24,21:47:51,0:00:14,14,7415631694042107179,0
10/2/24,21:48:05,0:00:19,19,7419861005280234757,0
10/2/24,21:48:24,0:00:00,0,7419837255482625323,0
10/2/24,21:48:24,0:00:11,11,7364821008504704273,0
10/2/24,21:48:35,0:00:55,55,7420249280411176223,0
10/2/24,21:49:30,0:00:12,12,7421206872012623147,0
10/2/24,21:49:42,0:00:15,15,7421222553441586462,0
10/2/24,21:49:57,0:00:10,10,7420560335607713070,0
10/2/24,21:50:07,0:00:01,1,7416340328547896577,0
10/2/24,21:50:08,0:00:08,8,7419433889594101035,0
10/2/24,21:50:16,0:00:28,28,7421293741757025578,0
10/2/24,21:50:44,0:00:05,5,7411151865880137002,0
10/2/24,21:50:49,0:00:07,7,7420939925916241195,0
10/2/24,21:50:56,0:00:06,6,7421208160867847470,0
10/2/24,21:51:02,0:00:05,5,7417915101061123371,0
10/2/24,21:51:07,0:00:15,15,7418355420701510955,0
10/2/24,21:51:22,0:00:18,18,7420963992190881067,0
10/2/24,21:51:40,0:00:07,7,7417940101965155627,0
10/2/24,21:51:47,0:52:20,no data,7421162329527635243,0
10/2/24,22:44:07,0:00:02,2,7420843005696871726,0
10/2/24,22:44:09,0:00:01,1,7406432483195079953,0
10/2/24,22:44:10,0:00:16,16,7420946549816970538,0
10/2/24,22:44:26,0:00:38,38,7420847101795454254,0
10/2/24,22:45:04,0:00:17,17,7421216570145344798,0
10/2/24,22:45:21,0:00:01,1,7421220640318885150,0
10/2/24,22:45:22,0:00:17,17,7421296904228670762,0
10/2/24,22:45:39,0:00:00,0,7421196279352446239,0
10/2/24,22:45:39,0:00:02,2,7416445914514017553,0
10/2/24,22:45:41,0:00:12,12,7419785526611348769,0
10/2/24,22:45:53,0:00:08,8,7421163219928173870,0
10/2/24,22:46:01,0:00:03,3,7420630401305169194,0
10/2/24,22:46:04,0:00:05,5,7421202901864860974,0
10/2/24,22:46:09,0:00:01,1,7415998084016000299,0
10/2/24,22:46:10,0:00:17,17,7421256425323941166,0
10/2/24,22:46:27,0:00:07,7,7420563022474693894,1
10/2/24,22:46:34,0:00:01,1,7421307089412214059,0
10/2/24,22:46:35,0:00:01,1,7415048555234200862,0
10/2/24,22:46:36,0:00:06,6,7416466379299360046,0
10/2/24,22:46:42,0:00:04,4,7388679567445085483,0
10/2/24,22:46:46,0:00:03,3,7421290198782201131,0
10/2/24,22:46:49,0:00:08,8,7409841905426615582,0
10/2/24,22:46:57,0:00:00,0,7420693865998339358,0
10/2/24,22:46:57,0:00:08,8,7407551985634807070,0
10/2/24,22:47:05,0:00:04,4,7421011557473111303,0
10/2/24,22:47:09,0:00:03,3,7420226882978975022,0
10/2/24,22:47:12,0:00:05,5,7420272726293712171,0
10/2/24,22:47:17,0:00:01,1,7412700151866789150,0
10/2/24,22:47:18,0:00:02,2,7421234993881451778,0
10/2/24,22:47:20,0:00:08,8,7419520423496256810,0
10/2/24,22:47:28,0:00:06,6,7421261242758597918,0
10/2/24,22:47:34,0:00:08,8,7421259951349304622,0
10/2/24,22:47:42,0:00:16,16,7420274170182765867,0
10/2/24,22:47:58,0:00:01,1,7397490496479825169,0
10/2/24,22:47:59,0:00:08,8,7420861031653625130,0
10/2/24,22:48:07,0:00:01,1,7421200317565439278,0
10/2/24,22:48:08,0:00:15,15,7412784874458729771,0
10/2/24,22:48:23,0:00:18,18,7421189691367607582,0
10/2/24,22:48:41,0:00:10,10,7416041634388872490,0
10/2/24,22:48:51,0:00:04,4,7421236006076075306,0
10/2/24,22:48:55,0:31:42,no data,7421222328085810462,0
10/2/24,23:20:37,0:00:16,16,7420590214453808389,0
10/2/24,23:20:53,0:00:09,9,7415381460137430315,0
10/2/24,23:21:02,0:00:09,9,7417582613512211742,0
10/2/24,23:21:11,0:00:01,1,7411319890583260446,0
10/2/24,23:21:12,0:00:04,4,7416021752666459422,0
10/2/24,23:21:16,0:00:12,12,7421252770621132062,0
10/2/24,23:21:28,0:00:24,24,7420563694200884511,0
10/2/24,23:21:52,0:00:12,12,7415473395439029535,0
10/2/24,23:22:04,0:00:01,1,7411285608921959696,0
10/2/24,23:22:05,0:00:10,10,7416427288616815918,0
10/2/24,23:22:15,0:00:09,9,7420661911387213099,0
10/2/24,23:22:24,0:00:27,27,7421211182213680427,0
10/2/24,23:22:51,0:00:39,39,7416831511648816414,0
10/2/24,23:23:30,0:00:07,7,7414681025323781406,0
10/2/24,23:23:37,0:00:00,0,7419863441231432991,0
10/2/24,23:23:37,0:00:09,9,7416036222524558593,0
10/2/24,23:23:46,0:00:19,19,7421252223876861230,0
10/2/24,23:24:05,0:00:07,7,7418685989062790430,0
10/2/24,23:24:12,0:00:02,2,7416527201895517471,0
10/2/24,23:24:14,0:00:09,9,7421200710802558254,0
10/2/24,23:24:23,0:00:01,1,7419469827116371216,0
10/2/24,23:24:24,0:00:37,37,7413253990554668319,0
10/2/24,23:25:01,0:00:06,6,7419570492824227118,0
10/2/24,23:25:07,0:00:07,7,7409695737639963950,0
10/2/24,23:25:14,0:00:09,9,7410218903743335722,0
10/2/24,23:25:23,0:00:19,19,7417497024443993386,0
10/2/24,23:25:42,0:00:02,2,7406149438734912798,0
10/2/24,23:25:44,0:00:17,17,7420957531989642538,0
10/2/24,23:26:01,0:00:10,10,7415408099164540203,0
10/2/24,23:26:11,0:00:17,17,7420840836381904158,0
10/2/24,23:26:28,0:00:14,14,7409837895177096491,0
10/2/24,23:26:42,0:00:06,6,7420566045523627310,0
10/2/24,23:26:48,0:00:04,4,7419116232412089642,0
10/2/24,23:26:52,0:00:01,1,7415333776970075408,0
10/2/24,23:26:53,0:00:12,12,7415674068432604449,0
10/2/24,23:27:05,0:00:12,12,7418878996252806446,0
10/2/24,23:27:17,0:00:07,7,7421275838504521006,0
10/2/24,23:27:24,0:00:08,8,7421117078268300590,0
10/2/24,23:27:32,0:00:01,1,7416088410349210922,0
10/2/24,23:27:33,0:00:12,12,7421145279308549419,0
10/2/24,23:27:45,0:00:04,4,7411984767295573278,0
10/2/24,23:27:49,0:00:48,48,7410033658167364896,0
10/2/24,23:28:37,0:00:07,7,7420982325070073130,0
10/2/24,23:28:44,0:00:19,19,7418958405135535391,0
10/2/24,23:29:03,0:00:01,1,7413856909574327569,0
10/2/24,23:29:04,0:00:02,2,7421167776334728490,0
10/2/24,23:29:06,0:00:16,16,7420857558400847146,0
10/2/24,23:29:22,0:00:03,3,7421162287479786795,0
10/2/24,23:29:25,0:00:01,1,7413237584039611690,0
10/2/24,23:29:26,0:01:02,62,7421184282820873518,0
10/2/24,23:30:28,0:00:01,1,7418013041662463248,0
10/2/24,23:30:29,0:23:01,no data,7420757471985388846,0
10/2/24,23:53:30,0:00:07,7,7420605719382281518,0
10/2/24,23:53:37,0:00:34,34,7420650882817346862,0
10/2/24,23:54:11,0:03:35,215,7420565857350208798,0
10/2/24,23:57:46,0:00:09,9,7421166387676056875,0
10/2/24,23:57:55,0:00:12,12,7421291766080392481,0
10/2/24,23:58:07,0:00:01,1,7413377199266336001,0
10/2/24,23:58:08,0:00:19,19,7415724016998206766,0
10/2/24,23:58:27,0:00:25,25,7406412937751039262,0
10/2/24,23:58:52,0:00:08,8,7420624207480114478,0
10/2/24,23:59:00,0:00:03,3,7421272430167051562,0
10/2/24,23:59:03,0:00:18,18,7417510361424874795,0
10/2/24,23:59:21,0:00:01,1,7407549049877941547,0
10/2/24,23:59:22,###############################################################################################################################################################################################################################################################,no data,7418299091790073118,0
10/3/24,0:00:21,0:00:09,9,7411319250964565253,0
10/3/24,0:00:30,0:00:00,0,7421019087037304106,0
10/3/24,0:00:30,0:00:01,1,7421253954018905390,0
10/3/24,0:00:31,0:00:26,26,7416437586706664737,0
10/3/24,0:00:57,0:00:01,1,7402727478764080401,0
10/3/24,0:00:58,0:00:11,11,7420508262023351582,0
10/3/24,0:01:09,0:00:08,8,7411893865000553771,0
10/3/24,0:01:17,0:00:08,8,7400517647579761951,0
10/3/24,0:01:25,0:00:07,7,7420408682728525098,0
10/3/24,0:01:32,0:00:01,1,7418684422729321758,0
10/3/24,0:01:33,0:00:01,1,7411588710904450305,0
10/3/24,0:01:34,0:00:01,1,7415309755868073246,0
10/3/24,0:01:35,0:00:02,2,7405327875257257259,0
10/3/24,0:01:37,0:00:01,1,7420228116053888298,0
10/3/24,0:01:38,0:00:06,6,7420918984423361797,0
10/3/24,0:01:44,0:00:09,9,7407274019419884831,0
10/3/24,0:01:53,0:00:00,0,7418249709694799147,0
10/3/24,0:01:53,0:00:15,15,7408588659722571024,0
10/3/24,0:02:08,0:00:03,3,7421218152542932254,0
10/3/24,0:02:11,0:00:12,12,7421233943023734046,0
10/3/24,0:02:23,0:00:06,6,7420475905283312929,0
10/3/24,0:02:29,0:00:11,11,7415114092047797534,0
10/3/24,0:02:40,0:00:00,0,7416503398234721578,0
10/3/24,0:02:40,0:00:02,2,7413402093635112208,0
10/3/24,0:02:42,0:00:02,2,7420878858267659551,0
10/3/24,0:02:44,0:00:04,4,7421266573102484778,0
10/3/24,0:02:48,0:00:01,1,7420228750542916906,0
10/3/24,0:02:49,0:00:01,1,7421216333171363103,0
10/3/24,0:02:50,0:00:11,11,7420989032647150890,0
10/3/24,0:03:01,0:00:01,1,7407528176622112016,0
10/3/24,0:03:02,0:00:06,6,7421262958241516846,0
10/3/24,0:03:08,0:00:07,7,7420926875922451755,0
10/3/24,0:03:15,0:00:10,10,7407819156478889247,0
10/3/24,0:03:25,0:00:22,22,7403840348025343263,0
10/3/24,0:03:47,0:00:22,22,7417274403270003973,0
10/3/24,0:04:09,0:00:00,0,7417491706616057120,0
10/3/24,0:04:09,0:00:02,2,7380452395010002192,0
10/3/24,0:04:11,0:00:10,10,7405123885332483360,0
10/3/24,0:04:21,0:00:07,7,7415747284236832030,0
10/3/24,0:04:28,0:00:03,3,7416428178542955808,0
10/3/24,0:04:31,0:00:04,4,7417664011925310762,0
10/3/24,0:04:35,0:00:01,1,7420840643771010305,0
10/3/24,0:04:36,0:00:01,1,7415064024355720479,0
10/3/24,0:04:37,0:00:26,26,7421105762887339296,0
10/3/24,0:05:03,0:00:06,6,7421197241915952414,0
10/3/24,0:05:09,0:00:07,7,7400078338938637610,0
10/3/24,0:05:16,0:00:01,1,7421320718853410090,0
10/3/24,0:05:17,0:00:01,1,7415718656312675585,0
10/3/24,0:05:18,0:00:15,15,7404343725637307678,0
10/3/24,0:05:33,0:00:10,10,7414165741152374046,0
10/3/24,0:05:43,0:00:04,4,7388928751964327201,0
10/3/24,0:05:47,0:00:05,5,7420244238329236778,0
10/3/24,0:05:52,0:00:07,7,7418998627814608171,0
10/3/24,0:05:59,0:00:01,1,7408254135977397521,0
10/3/24,0:06:00,0:00:01,1,7421227591379488042,0
10/3/24,0:06:01,0:00:20,20,7390420734557883678,0
10/3/24,0:06:21,0:00:04,4,7421235200392170795,0
10/3/24,0:06:25,0:00:05,5,7420905602664221995,0
10/3/24,0:06:30,0:00:01,1,7420453100697210128,0
10/3/24,0:06:31,0:00:09,9,7419802420194151710,0
10/3/24,0:06:40,0:00:02,2,7418891328085380384,0
10/3/24,0:06:42,0:00:10,10,7421177445136551201,0
10/3/24,0:06:52,0:00:10,10,7417651428602268959,0
10/3/24,0:07:02,0:00:06,6,7419761665731808542,0
10/3/24,0:07:08,0:00:04,4,7415767195789151519,0
10/3/24,0:07:12,0:00:01,1,7412706004061654289,0
10/3/24,0:07:13,0:00:02,2,7416142746127273259,0
10/3/24,0:07:15,0:00:03,3,7421095560687521055,0
10/3/24,0:07:18,0:00:04,4,7420523990487207199,0
10/3/24,0:07:22,0:00:12,12,7420408365928533279,0
10/3/24,0:07:34,0:00:09,9,7419413967283555626,0
10/3/24,0:07:43,0:00:02,2,7415998593590463761,0
10/3/24,0:07:45,0:00:13,13,7419435767811804446,0
10/3/24,0:07:58,0:00:05,5,7421223255542877473,0
10/3/24,0:08:03,0:00:04,4,7408620514421312798,0
10/3/24,0:08:07,0:00:11,11,7421200332077976878,0
10/3/24,0:08:18,0:00:04,4,7417840564730678571,0
10/3/24,0:08:22,0:00:01,1,7408652155856506128,0
10/3/24,0:08:23,0:00:01,1,7419013568953191723,0
10/3/24,0:08:24,0:00:28,28,7418969943011495211,0
10/3/24,0:08:52,0:00:06,6,7421243562538437930,0
10/3/24,0:08:58,0:09:47,587,7420257735423348010,0
10/3/24,0:18:45,0:00:06,6,7416103410430233887,0
10/3/24,0:18:51,0:00:07,7,7395118899798297888,0
10/3/24,0:18:58,0:00:25,25,7418531412980043026,0
10/3/24,0:19:23,0:00:18,18,7420975447241985310,0
10/3/24,0:19:41,0:00:00,0,7420550856468172037,0
10/3/24,0:19:41,0:00:04,4,7420531936109530384,0
10/3/24,0:19:45,0:00:18,18,7419887326681222442,0
10/3/24,0:20:03,0:00:01,1,7419154716904410411,0
10/3/24,0:20:04,0:00:03,3,7419845421809339691,0
10/3/24,0:20:07,0:00:01,1,7416548589708627232,0
10/3/24,0:20:08,0:00:00,0,7416148664558603562,0
10/3/24,0:20:08,0:00:04,4,7413402094335560977,0
10/3/24,0:20:12,0:00:06,6,7407641359261224234,0
10/3/24,0:20:18,0:00:11,11,7393078864223767838,0
10/3/24,0:20:29,0:00:07,7,7419761053950577951,0
10/3/24,0:20:36,0:00:02,2,7419710474507488558,0
10/3/24,0:20:38,0:00:01,1,7408815630847118609,0
10/3/24,0:20:39,0:00:21,21,7414235730488216878,0
10/3/24,0:21:00,0:00:05,5,7415358916604857630,0
10/3/24,0:21:05,0:00:11,11,7415555968173477127,0
10/3/24,0:21:16,0:00:05,5,7421250629068131615,0
10/3/24,0:21:21,0:00:02,2,7394144060568653086,0
10/3/24,0:21:23,0:00:01,1,7400891227979205905,0
10/3/24,0:21:24,0:00:02,2,7409460254276062495,0
10/3/24,0:21:26,0:00:06,6,7397529413069360415,0
10/3/24,0:21:32,0:00:02,2,7421273124987063595,0
10/3/24,0:21:34,0:00:01,1,7421291146019851566,0
10/3/24,0:21:35,0:00:02,2,7412569714842406176,0
10/3/24,0:21:37,0:00:02,2,7418978260698090753,0
10/3/24,0:21:39,0:00:01,1,7421308013329386794,0
10/3/24,0:21:40,0:00:26,26,7414667277204933934,0
10/3/24,0:22:06,0:00:09,9,7420127376727690501,0
10/3/24,0:22:15,0:00:01,1,7413843717607394591,0
10/3/24,0:22:16,0:00:03,3,7415756509033893151,0
10/3/24,0:22:19,0:00:00,0,7421178529942981920,0
10/3/24,0:22:19,0:00:11,11,7414172954910674177,0
10/3/24,0:22:30,0:00:04,4,7413201656059399466,0
10/3/24,0:22:34,0:00:12,12,7420965253791485226,0
10/3/24,0:22:46,0:00:16,16,7419058813849963819,0
10/3/24,0:23:02,0:00:13,13,7419875535125335339,0
10/3/24,0:23:15,0:00:01,1,7416741343310990622,0
10/3/24,0:23:16,0:00:01,1,7393502035531795754,0
10/3/24,0:23:17,0:00:17,17,7418660131833007391,0
10/3/24,0:23:34,0:00:02,2,7403821099676421408,0
10/3/24,0:23:36,0:00:03,3,7396935583160962346,0
10/3/24,0:23:39,0:06:44,no data,7417123493743004960,0
10/3/24,0:30:23,0:00:00,0,7403045899334683946,0
10/3/24,0:30:23,0:00:02,2,7415680954808765713,0
10/3/24,0:30:25,0:00:01,1,7421016275058642222,0
10/3/24,0:30:26,0:00:12,12,7420832248796155166,0
10/3/24,0:30:38,0:00:07,7,7411383775843650858,0
10/3/24,0:30:45,0:00:09,9,7420995372614536494,0
10/3/24,0:30:54,0:00:03,3,7420691840954846470,0
10/3/24,0:30:57,0:00:01,1,7397490498283359505,0
10/3/24,0:30:58,0:00:02,2,7414113031967247659,0
10/3/24,0:31:00,0:00:16,16,7420342276238478622,0
10/3/24,0:31:16,0:00:04,4,7419700942536330528,0
10/3/24,0:31:20,0:00:41,41,7418029058434551086,0
10/3/24,0:32:01,0:00:03,3,7409357418137718058,0
10/3/24,0:32:04,0:00:02,2,7420402463028677919,0
10/3/24,0:32:06,0:00:02,2,7416145454704020782,0
10/3/24,0:32:08,0:00:01,1,7413804796429372718,0
10/3/24,0:32:09,0:00:09,9,7421231498935782689,0
10/3/24,0:32:18,0:00:02,2,7421337600616598830,0
10/3/24,0:32:20,0:00:20,20,7419685513533164830,0
10/3/24,0:32:40,0:00:05,5,7421294497142820127,0
10/3/24,0:32:45,0:00:01,1,7389330895175470378,0
10/3/24,0:32:46,0:00:12,12,7420146352165752110,0
10/3/24,0:32:58,0:00:08,8,7421268124420345131,0
10/3/24,0:33:06,0:00:08,8,7408375489074564394,0
10/3/24,0:33:14,0:00:04,4,7420934874523077934,0
10/3/24,0:33:18,0:00:16,16,7421242819769109790,0
10/3/24,0:33:34,0:00:06,6,7414255153613737248,0
10/3/24,0:33:40,0:00:00,0,7420977271336406302,0
10/3/24,0:33:40,0:00:14,14,7418282671983447313,0
10/3/24,0:33:54,0:00:01,1,7419444803068333354,0
10/3/24,0:33:55,0:00:04,4,7419364651365862699,0
10/3/24,0:33:59,0:00:14,14,7419331754839887147,0
10/3/24,0:34:13,0:00:02,2,7419765588769197342,0
10/3/24,0:34:15,0:00:01,1,7362201646748683566,0
10/3/24,0:34:16,0:00:05,5,7420274398705290526,0
10/3/24,0:34:21,0:00:02,2,7420576737781763358,0
10/3/24,0:34:23,0:00:02,2,7419496084600392965,0
10/3/24,0:34:25,0:00:05,5,7401340471332670726,0
10/3/24,0:34:30,0:00:09,9,7407118076036009247,0
10/3/24,0:34:39,0:00:01,1,7416822039983459601,0
10/3/24,0:34:40,0:19:49,no data,7419116584905788718,0
10/3/24,0:54:29,0:00:16,16,7419443398857198879,0
10/3/24,0:54:45,0:00:06,6,7406047533329419553,0
10/3/24,0:54:51,0:00:06,6,7420605395791613227,0
10/3/24,0:54:57,0:00:12,12,7417429290146336032,0
10/3/24,0:55:09,0:00:06,6,7421216295854574890,0
10/3/24,0:55:15,0:00:02,2,7408694591324474640,0
10/3/24,0:55:17,0:00:16,16,7419410815138221342,0
10/3/24,0:55:33,0:00:02,2,7421207437904055595,0
10/3/24,0:55:35,0:00:13,13,7420067288331701546,0
10/3/24,0:55:48,0:00:05,5,7421205130294365483,0
10/3/24,0:55:53,0:00:02,2,7421325099589995819,0
10/3/24,0:55:55,0:00:01,1,7417889614616136993,0
10/3/24,0:55:56,0:00:01,1,7394482076025736465,0
10/3/24,0:55:57,0:00:05,5,7421288589692063019,0
10/3/24,0:56:02,0:00:03,3,7420906997895171371,0
10/3/24,0:56:05,0:00:01,1,7418307526061591839,0
10/3/24,0:56:06,0:00:45,45,7420393438438329633,0
10/3/24,0:56:51,0:00:31,31,7420856724262833450,0
10/3/24,0:57:22,0:00:07,7,7421326280118881582,0
10/3/24,0:57:29,0:00:03,3,7420066413013994785,0
10/3/24,0:57:32,0:00:01,1,7397490496479841553,0
10/3/24,0:57:33,0:00:06,6,7420490539201465631,0
10/3/24,0:57:39,0:00:22,22,7406737625077353760,0
10/3/24,0:58:01,0:00:13,13,7417011772302904619,0
10/3/24,0:58:14,0:00:18,18,7421220025157127454,0
10/3/24,0:58:32,0:00:04,4,7421068072947174698,0
10/3/24,0:58:36,0:00:01,1,7417906152790363409,0
10/3/24,0:58:37,0:00:09,9,7421219062279114026,0
10/3/24,0:58:46,0:00:01,1,7421213567115873578,0
10/3/24,0:58:47,0:00:08,8,7420975915284352286,0
10/3/24,0:58:55,0:00:29,29,7421341406733585706,0
10/3/24,0:59:24,0:00:02,2,7418300023127035167,0
10/3/24,0:59:26,0:00:01,1,7418339937021447440,0
10/3/24,0:59:27,0:00:02,2,7420449706603482401,0
10/3/24,0:59:29,0:00:06,6,7421218919135841579,0
10/3/24,0:59:35,0:00:01,1,7420545908388957470,0
10/3/24,0:59:36,0:00:52,52,7421279287216459039,0
10/3/24,1:00:28,0:00:04,4,7420956219600424234,0
10/3/24,1:00:32,0:00:03,3,7421264842281192750,0
10/3/24,1:00:35,0:00:02,2,7411174376499907883,0
10/3/24,1:00:37,0:00:05,5,7420594742292909354,0
10/3/24,1:00:42,0:00:18,18,7419579590802230559,0
10/3/24,1:01:00,0:00:01,1,7408694593094421777,0
10/3/24,1:01:01,0:00:01,1,7420644748139957546,0
10/3/24,1:01:02,0:00:34,34,7420278787327184170,0
10/3/24,1:01:36,0:00:01,1,7416822040180706576,0
10/3/24,1:01:37,0:00:04,4,7421201047458270494,0
10/3/24,1:01:41,0:00:09,9,7420125679490043179,0
10/3/24,1:01:50,0:00:06,6,7420624155046956330,0
10/3/24,1:01:56,0:00:01,1,7401265405097970961,0
10/3/24,1:01:57,0:00:52,52,7421203631174651179,0
10/3/24,1:02:49,0:00:03,3,7420972418673495338,0
10/3/24,1:02:52,0:00:14,14,7419600277747076370,0
10/3/24,1:03:06,0:00:00,0,7421225151494229290,0
10/3/24,1:03:06,0:00:08,8,7416096550843092240,0
10/3/24,1:03:14,0:01:02,62,7420945879386934571,0
10/3/24,1:04:16,0:00:11,11,7398511860766592289,0
10/3/24,1:04:27,0:00:14,14,7418748974158384426,0
10/3/24,1:04:41,0:00:01,1,7407904247725051137,0
10/3/24,1:04:42,0:00:20,20,7419845566768762154,0
10/3/24,1:05:02,0:00:08,8,7419863477885406497,0
10/3/24,1:05:10,0:00:01,1,7395294668637932816,0
10/3/24,1:05:11,0:00:03,3,7420536051891965227,0
10/3/24,1:05:14,0:00:25,25,7419315762185129258,0
10/3/24,1:05:39,0:00:01,1,7420561515335421200,0
10/3/24,1:05:40,0:00:05,5,7421172049369976106,0
10/3/24,1:05:45,0:00:03,3,7418340692734348590,0
10/3/24,1:05:48,0:00:01,1,7413785306916261137,0
10/3/24,1:05:49,0:00:08,8,7416962555651886367,0
10/3/24,1:05:57,0:00:09,9,7418763193759190318,0
10/3/24,1:06:06,0:00:01,1,7415608478544170283,0
10/3/24,1:06:07,0:00:37,37,7420273505352060202,0
10/3/24,1:06:44,0:00:05,5,7421147302695406878,0
10/3/24,1:06:49,0:00:01,1,7413953825259752720,0
10/3/24,1:06:50,0:00:11,11,7421210264193797408,0
10/3/24,1:07:01,0:00:06,6,7416789408101289247,0
10/3/24,1:07:07,0:00:01,1,7414116327931006225,0
10/3/24,1:07:08,0:00:04,4,7418293389730303274,0
10/3/24,1:07:12,0:00:03,3,7421017892373810463,0
10/3/24,1:07:15,0:00:01,1,7407970157621955882,0
10/3/24,1:07:16,0:00:05,5,7388568086577761567,0
10/3/24,1:07:21,0:00:10,10,7420521546726395179,0
10/3/24,1:07:31,0:00:01,1,7414249597700263184,0
10/3/24,1:07:32,0:00:02,2,7421295305821359390,0
10/3/24,1:07:34,0:00:03,3,7420691690157133089,0
10/3/24,1:07:37,0:00:01,1,7421209675011460395,0
10/3/24,1:07:38,0:00:01,1,7410670484070731009,0
10/3/24,1:07:39,0:00:07,7,7420976248513367338,0
10/3/24,1:07:46,0:00:01,1,7418735126818950446,0
10/3/24,1:07:47,0:00:03,3,7415387719179750699,0
10/3/24,1:07:50,0:31:24,no data,7421272551822740778,0
10/3/24,1:39:14,0:00:05,5,7421064711610977578,0
10/3/24,1:39:19,0:00:01,1,7400094181554687248,0
10/3/24,1:39:20,0:00:05,5,7420916022611397930,0
10/3/24,1:39:25,0:00:09,9,7421219927337504043,0
10/3/24,1:39:34,0:00:06,6,7420460986647334175,0
10/3/24,1:39:40,0:00:20,20,7406420909969460513,0
10/3/24,1:40:00,0:00:04,4,7416013721992039711,0
10/3/24,1:40:04,0:00:01,1,7350000218705841409,0
10/3/24,1:40:05,0:00:02,2,7416846208045485343,0
10/3/24,1:40:07,0:00:12,12,7420499105283067179,0
10/3/24,1:40:19,0:00:15,15,7389910928059305223,0
10/3/24,1:40:34,0:00:11,11,7420894840516398367,0
10/3/24,1:40:45,0:00:30,30,7420850107836337441,0
10/3/24,1:41:15,0:00:00,0,7418230552765091118,0
10/3/24,1:41:15,0:00:24,24,7420531283010260225,0
10/3/24,1:41:39,0:01:16,76,7421270960281734446,0
10/3/24,1:42:55,0:00:03,3,7420206733454314794,0
10/3/24,1:42:58,0:00:06,6,7420927578246188334,0
10/3/24,1:43:04,0:00:15,15,7418741157653663022,0
10/3/24,1:43:19,0:00:02,2,7421354073431002410,0
10/3/24,1:43:21,0:00:02,2,7414249587302501633,0
10/3/24,1:43:23,0:00:11,11,7420840225905200416,0
10/3/24,1:43:34,0:00:07,7,7421224458842639647,0
10/3/24,1:43:41,0:00:01,1,7413170964558531847,0
10/3/24,1:43:42,0:00:38,38,7421216972786142510,0
10/3/24,1:44:20,0:00:05,5,7421083104829394206,0
10/3/24,1:44:25,0:00:02,2,7416331112676347167,0
10/3/24,1:44:27,0:00:01,1,7417877243629702416,0
10/3/24,1:44:28,0:00:04,4,7416774437434953003,0
10/3/24,1:44:32,0:00:07,7,7420509038825180446,0
10/3/24,1:44:39,0:00:10,10,7421204891760086314,0
10/3/24,1:44:49,0:00:02,2,7421258109982690590,0
10/3/24,1:44:51,0:00:03,3,7420902488657726763,0
10/3/24,1:44:54,0:00:28,28,7413171647567449390,0
10/3/24,1:45:22,0:00:01,1,7418265821962702096,0
10/3/24,1:45:23,0:00:05,5,7421156269500845315,0
10/3/24,1:45:28,0:00:57,57,7418645680358706478,0
10/3/24,1:46:25,0:00:06,6,7421295938947386657,0
10/3/24,1:46:31,0:00:03,3,7420608182176714015,0
10/3/24,1:46:34,0:00:09,9,7420739058185375008,0
10/3/24,1:46:43,0:00:00,0,7420444340125748512,0
10/3/24,1:46:43,0:00:15,15,7407912169079115038,0
10/3/24,1:46:58,0:00:13,13,7420156858524011819,0
10/3/24,1:47:11,0:00:18,18,7421199981928910123,0
10/3/24,1:47:29,0:00:16,16,7412729654462713119,0
10/3/24,1:47:45,0:00:12,12,7393388943871511854,0
10/3/24,1:47:57,###############################################################################################################################################################################################################################################################,no data,7416781594721078559,0
10/4/24,1:45:22,0:00:07,7,7420754236037680416,0
10/4/24,1:45:29,0:00:18,18,7421392096512281887,0
10/4/24,1:45:47,0:01:35,95,7421625772193991942,0
10/4/24,1:47:22,0:00:03,3,7418313395364990251,0
10/4/24,1:47:25,0:00:01,1,7421226001373482256,0
10/4/24,1:47:26,0:00:01,1,7419397031850020138,0
10/4/24,1:47:27,0:00:11,11,7413627969836485920,0
10/4/24,1:47:38,0:00:07,7,7421428293531913503,0
10/4/24,1:47:45,0:00:19,19,7421400906584870174,0
10/4/24,1:48:04,0:00:07,7,7421675203245198622,0
10/4/24,1:48:11,0:00:02,2,7421613751796780330,0
10/4/24,1:48:13,0:00:12,12,7421275183576583455,0
10/4/24,1:48:25,0:00:06,6,7421112080385723678,0
10/4/24,1:48:31,0:00:30,30,7421593913980423467,0
10/4/24,1:49:01,0:00:08,8,7421316330957180203,0
10/4/24,1:49:09,0:00:11,11,7420282012520549675,0
10/4/24,1:49:20,0:00:02,2,7421553172801572142,0
10/4/24,1:49:22,0:00:02,2,7421725991686475050,0
10/4/24,1:49:24,0:00:09,9,7421321851336625454,0
10/4/24,1:49:33,0:00:02,2,7421229755657227550,0
10/4/24,1:49:35,0:00:03,3,7421361913810079022,0
10/4/24,1:49:38,0:00:01,1,7416730777003560209,0
10/4/24,1:49:39,0:00:25,25,7421567514003475755,0
10/4/24,1:50:04,0:00:29,29,7421336710631542049,0
10/4/24,1:50:33,0:00:09,9,7421706911306845482,0
10/4/24,1:50:42,0:00:14,14,7421609348780018986,0
10/4/24,1:50:56,0:00:02,2,7411048120781671726,0
10/4/24,1:50:58,0:00:13,13,7421357883327270190,0
10/4/24,1:51:11,0:00:12,12,7420686167076588843,0
10/4/24,1:51:23,0:00:01,1,7408888938179398929,0
10/4/24,1:51:24,0:00:03,3,7421581592591699230,0
10/4/24,1:51:27,0:00:15,15,7421373479771016478,0
10/4/24,1:51:42,0:00:01,1,7418339937021447440,0
10/4/24,1:51:43,0:00:27,27,7421667958440889646,0
10/4/24,1:52:10,0:00:08,8,7421350780575419694,0
10/4/24,1:52:18,0:00:01,1,7402727478764080401,0
10/4/24,1:52:19,0:00:05,5,7421328808462060843,0
10/4/24,1:52:24,0:01:06,66,7421553550607600928,0
10/4/24,1:53:30,0:00:17,17,7421539236622421291,0
10/4/24,1:53:47,0:00:01,1,7416876054977006849,0
10/4/24,1:53:48,0:00:26,26,7421374761135115562,0
10/4/24,1:54:14,0:00:17,17,7421347156591775008,0
10/4/24,1:54:31,0:01:25,85,7416487102986112299,1
10/4/24,1:55:56,0:00:09,9,7416851216401059114,0
10/4/24,1:56:05,0:00:01,1,7387528769860341009,0
10/4/24,1:56:06,0:00:04,4,7417267114882501919,0
10/4/24,1:56:10,0:00:03,3,7421631907651259679,0
10/4/24,1:56:13,0:00:11,11,7415448788728335659,0
10/4/24,1:56:24,0:00:02,2,7415994863390428458,0
10/4/24,1:56:26,0:00:06,6,7421296938345090334,0
10/4/24,1:56:32,0:00:16,16,7418661763094236446,0
10/4/24,1:56:48,0:00:12,12,7418623883722476833,0
10/4/24,1:57:00,0:00:03,3,7421383305636924715,0
10/4/24,1:57:03,0:00:16,16,7404529151396400416,0
10/4/24,1:57:19,0:00:01,1,7395624191132765457,0
10/4/24,1:57:20,0:00:13,13,7421655490209353003,0
10/4/24,1:57:33,0:00:07,7,7420072443429014816,0
10/4/24,1:57:40,0:00:05,5,7413532732568931615,0
10/4/24,1:57:45,0:00:08,8,7421396855310814507,0
10/4/24,1:57:53,0:00:14,14,7418728063317331243,0
10/4/24,1:58:07,0:00:21,21,7421690588791065898,0
10/4/24,1:58:28,0:00:01,1,7387069714410867969,0
10/4/24,1:58:29,0:00:04,4,7420831443850431774,0
10/4/24,1:58:33,0:00:06,6,7421732321318964526,0
10/4/24,1:58:39,0:00:04,4,7421657173949975854,0
10/4/24,1:58:43,0:00:19,19,7421634165537377578,0
10/4/24,1:59:02,0:00:04,4,7421373606178868523,0
10/4/24,1:59:06,0:00:03,3,7421709251439119658,0
10/4/24,1:59:09,0:00:13,13,7421347254897839390,1
10/4/24,1:59:22,0:00:01,1,7416036222524558593,0
10/4/24,1:59:23,0:00:17,17,7421266825956068641,0
10/4/24,1:59:40,0:00:39,39,7421663318407974187,0
10/4/24,2:00:19,0:00:01,1,7419447249039641857,0
10/4/24,2:00:20,0:00:24,24,7417162632425229610,0
10/4/24,2:00:44,0:00:13,13,7421404018288676126,0
10/4/24,2:00:57,0:00:01,1,7401265405097970961,0
10/4/24,2:00:58,0:00:12,12,7420285105375268142,0
10/4/24,2:01:10,0:00:09,9,7416552019139284255,0
10/4/24,2:01:19,0:00:01,1,7419386377839627537,0
10/4/24,2:01:20,0:00:10,10,7419176103501155626,0
10/4/24,2:01:30,0:00:03,3,7421695358008331550,0
10/4/24,2:01:33,0:00:01,1,7421302177987087633,0
10/4/24,2:01:34,0:01:04,64,7421680044281564458,0
10/4/24,2:02:38,0:00:24,24,7421033760814157098,0
10/4/24,2:03:02,0:00:06,6,7421600242274995499,0
10/4/24,2:03:08,0:00:00,0,7420658647417605408,0
10/4/24,2:03:08,0:00:01,1,7417906152790363409,0
10/4/24,2:03:09,0:00:07,7,7421654734622215467,0
10/4/24,2:03:16,0:00:01,1,7416807729416736016,0
10/4/24,2:03:17,0:00:08,8,7420909673563360543,0
10/4/24,2:03:25,0:00:08,8,7421678075299073322,0
10/4/24,2:03:33,0:00:02,2,7421397161415363871,0
10/4/24,2:03:35,0:00:14,14,7421060319218257183,0
10/4/24,2:03:49,0:00:01,1,7415996096041831697,0
10/4/24,2:03:50,0:00:23,23,7421626197395639594,0
10/4/24,2:04:13,0:00:06,6,7421071738940771627,0
10/4/24,2:04:19,0:00:01,1,7380452395009985808,0
10/4/24,2:04:20,0:00:02,2,7420872730343443743,0
10/4/24,2:04:22,0:00:09,9,7419032741246815530,0
10/4/24,2:04:31,0:00:02,2,7421608844347952430,0
10/4/24,2:04:33,0:00:01,1,7418644675940191504,0
10/4/24,2:04:34,0:00:03,3,7421200205862669599,0
10/4/24,2:04:37,0:00:01,1,7421643308109286698,0
10/4/24,2:04:38,0:00:15,15,7421345059779398942,0
10/4/24,2:04:53,0:00:01,1,7421262037449280785,0
10/4/24,2:04:54,0:00:05,5,7421390868021562670,0
10/4/24,2:04:59,0:00:03,3,7421387273863712043,0
10/4/24,2:05:02,0:00:08,8,7421360108967349534,0
10/4/24,2:05:10,0:00:02,2,7421386293118029061,0
10/4/24,2:05:12,0:00:12,12,7419269479378521376,0
10/4/24,2:05:24,0:00:18,18,7421412373841382698,0
10/4/24,2:05:42,0:00:04,4,7421581798574034222,0
10/4/24,2:05:46,0:00:05,5,7421175890329095457,0
10/4/24,2:05:51,0:00:01,1,7421367313011592449,0
10/4/24,2:05:52,0:00:10,10,7398404861420752159,0
10/4/24,2:06:02,0:00:04,4,7421191309030853921,0
10/4/24,2:06:06,0:00:05,5,7421587693764758826,0
10/4/24,2:06:11,0:00:17,17,7421627028597771562,0
10/4/24,2:06:28,0:39:11,no data,7421547838003334430,0
10/4/24,2:45:39,0:00:01,1,7421552766268525866,0
10/4/24,2:45:40,0:00:34,34,7421245090082950443,0
10/4/24,2:46:14,0:00:00,0,7421638900516703534,0
10/4/24,2:46:14,0:00:12,12,7419357431039298846,0
10/4/24,2:46:26,0:00:11,11,7421608263961054506,0
10/4/24,2:46:37,0:00:06,6,7421381042105322783,0
10/4/24,2:46:43,0:00:10,10,7399956102646926608,0
10/4/24,2:46:53,0:00:01,1,7421262245520346401,0
10/4/24,2:46:54,0:00:16,16,7420874884005268778,0
10/4/24,2:47:10,0:00:03,3,7418282671983447313,0
10/4/24,2:47:13,0:00:06,6,7421534351034191147,0
10/4/24,2:47:19,0:00:03,3,7421018609587096838,0
10/4/24,2:47:22,0:00:01,1,7406337271898705153,0
10/4/24,2:47:23,0:00:14,14,7421288470548729118,0
10/4/24,2:47:37,0:00:04,4,7421636240249720095,0
10/4/24,2:47:41,0:00:02,2,7389330895175470378,0
10/4/24,2:47:43,0:00:05,5,7421356220600061226,0
10/4/24,2:47:48,0:00:07,7,7421336818110450974,0
10/4/24,2:47:55,0:00:01,1,7397824429775965441,0
10/4/24,2:47:56,0:00:10,10,7421646722285325599,0
10/4/24,2:48:06,0:00:18,18,7421644650206825770,0
10/4/24,2:48:24,0:00:21,21,7421610718237035818,0
10/4/24,2:48:45,0:00:00,0,7421503617993133345,0
10/4/24,2:48:45,0:00:10,10,7414247497759051025,0
10/4/24,2:48:55,0:00:06,6,7421394185858633003,0
10/4/24,2:49:01,0:00:01,1,7367387777438125329,0
10/4/24,2:49:02,0:00:08,8,7421582678253686058,0
10/4/24,2:49:10,0:00:12,12,7417898019422604586,0
10/4/24,2:49:22,0:00:01,1,7420847923870715182,0
10/4/24,2:49:23,0:00:17,17,7416579184220179755,0
10/4/24,2:49:40,0:00:14,14,7421644556120198433,0
10/4/24,2:49:54,0:00:09,9,7420985524082461994,0
10/4/24,2:50:03,0:00:01,1,7411567739426376961,0
10/4/24,2:50:04,0:03:12,192,7421603416482286891,0
10/4/24,2:53:16,0:00:14,14,7418615482326060318,0
10/4/24,2:53:30,0:00:01,1,7408306316864769281,0
10/4/24,2:53:31,0:00:01,1,7421610047848910111,0
10/4/24,2:53:32,0:00:05,5,7408366503285837102,0
10/4/24,2:53:37,0:00:19,19,7418991776406474016,0
10/4/24,2:53:56,0:00:08,8,7421529752860724523,0
10/4/24,2:54:04,0:00:09,9,7421639915303144747,0
10/4/24,2:54:13,0:00:07,7,7421390407579274539,0
10/4/24,2:54:20,0:00:10,10,7421695244317625643,0
10/4/24,2:54:30,0:00:18,18,7421360484747693355,0
10/4/24,2:54:48,0:00:05,5,7421375106057833759,0
10/4/24,2:54:53,0:00:37,37,7421145202888281350,1
10/4/24,2:55:30,0:00:01,1,7400476210662329601,0
10/4/24,2:55:31,0:00:31,31,7420185770868083998,0
10/4/24,2:56:02,0:00:12,12,7421311237876632874,1
10/4/24,2:56:14,0:00:04,4,7414494690080247070,0
10/4/24,2:56:18,0:00:09,9,7421131225835916590,0
10/4/24,2:56:27,0:00:05,5,7421333408376245535,0
10/4/24,2:56:32,0:00:08,8,7416836142651165953,0
10/4/24,2:56:40,0:00:01,1,7421730690401832238,0
10/4/24,2:56:41,0:00:22,22,7421718976402656558,0
10/4/24,2:57:03,0:00:07,7,7421668240943795498,0
10/4/24,2:57:10,0:00:01,1,7416730777003609361,0
10/4/24,2:57:11,0:00:03,3,7420533687768517934,0
10/4/24,2:57:14,0:00:17,17,7421586537751547167,0
10/4/24,2:57:31,0:00:08,8,7421687926448278830,0
10/4/24,2:57:39,0:00:06,6,7421650205658893611,0
10/4/24,2:57:45,0:00:02,2,7420562647151578385,0
10/4/24,2:57:47,0:00:03,3,7421635959420128555,0
10/4/24,2:57:50,0:00:09,9,7420559399208455454,0
10/4/24,2:57:59,0:00:04,4,7421312710232608030,0
10/4/24,2:58:03,0:00:12,12,7421368334324731167,0
10/4/24,2:58:15,0:00:03,3,7420586403198799147,0
10/4/24,2:58:18,0:00:03,3,7415771779123268894,0
10/4/24,2:58:21,0:00:16,16,7418709912513023233,0
10/4/24,2:58:37,0:00:04,4,7421354495889722670,0
10/4/24,2:58:41,0:00:10,10,7421661374813621535,0
10/4/24,2:58:51,0:00:01,1,7420959476783648043,0
10/4/24,2:58:52,0:00:02,2,7421235024596307243,0
10/4/24,2:58:54,0:00:09,9,7420988020410567944,0
10/4/24,2:59:03,0:00:01,1,7413954824502332673,0
10/4/24,2:59:04,0:00:07,7,7421350695619743022,0
10/4/24,2:59:11,0:00:21,21,7420798282366078250,0
10/4/24,2:59:32,0:00:07,7,7390363689309752608,0
10/4/24,2:59:39,0:00:04,4,7421657927863356718,0
10/4/24,2:59:43,0:00:06,6,7421385273013013802,0
10/4/24,2:59:49,0:00:01,1,7421601204590873899,0
10/4/24,2:59:50,0:00:01,1,7411598135673359617,0
10/4/24,2:59:51,0:00:05,5,7421344629674609966,0
10/4/24,2:59:56,0:00:01,1,7421250200955637038,0
10/4/24,2:59:57,0:00:08,8,7421357347349581088,0
10/4/24,3:00:05,0:00:01,1,7421250503864159534,0
10/4/24,3:00:06,0:00:05,5,7421362265019911455,0
10/4/24,3:00:11,0:00:01,1,7419036121553718545,0
10/4/24,3:00:12,0:00:01,1,7420936542140648750,0
10/4/24,3:00:13,0:00:12,12,7419371720483540267,0
10/4/24,3:00:25,0:00:04,4,7421538220283874602,0
10/4/24,3:00:29,0:00:30,30,7413186746113969441,0
10/4/24,3:00:59,0:00:11,11,7407808982917680417,0
10/4/24,3:01:10,0:00:03,3,7421197003830365483,0
10/4/24,3:01:13,0:00:10,10,7421363375575289119,0
10/4/24,3:01:23,0:00:02,2,7416781594721013023,0
10/4/24,3:01:25,0:00:09,9,7420882349337972010,0
10/4/24,3:01:34,0:00:02,2,7421595426568162591,0
10/4/24,3:01:36,0:00:01,1,7419051652814048513,0
10/4/24,3:01:37,0:00:02,2,7421596706682326314,0
10/4/24,3:01:39,0:00:01,1,7421749556477709614,0
10/4/24,3:01:40,0:00:09,9,7421513102216252680,0
10/4/24,3:01:49,0:00:23,23,7420733749928791329,0
10/4/24,3:02:12,0:00:06,6,7420577504697666859,0
10/4/24,3:02:18,0:00:01,1,7408769842897112351,0
10/4/24,3:02:19,0:00:21,21,7421532899276557611,0
10/4/24,3:02:40,0:00:03,3,7417649882892111150,0
10/4/24,3:02:43,0:00:01,1,7418945641855880490,0
10/4/24,3:02:44,0:00:04,4,7420867455498734890,0
10/4/24,3:02:48,0:00:01,1,7420958172371799338,0
10/4/24,3:02:49,0:00:01,1,7419852641439599915,0
10/4/24,3:02:50,0:00:01,1,7414162772969229584,0
10/4/24,3:02:51,0:00:02,2,7421650434596687134,0
10/4/24,3:02:53,0:43:41,no data,7421634973213396267,0
10/4/24,3:46:34,0:00:12,12,7421201626314116395,0
10/4/24,3:46:46,0:00:26,26,7420823040923077905,0
10/4/24,3:47:12,0:00:01,1,7407528176622112016,0
10/4/24,3:47:13,0:00:02,2,7421698184646446382,0
10/4/24,3:47:15,0:00:01,1,7413696142333988138,0
10/4/24,3:47:16,0:00:22,22,7421588585385643295,0
10/4/24,3:47:38,0:00:13,13,7421756610663468331,0
10/4/24,3:47:51,0:00:26,26,7421694316516511007,0
10/4/24,3:48:17,0:00:00,0,7418936488290831658,0
10/4/24,3:48:17,0:00:09,9,7416242250453191952,0
10/4/24,3:48:26,0:00:14,14,7419059966964763934,0
10/4/24,3:48:40,0:00:34,34,7421285812001639722,0
10/4/24,3:49:14,0:00:18,18,7421639232445254942,0
10/4/24,3:49:32,0:00:06,6,7421160823084617003,0
10/4/24,3:49:38,0:00:01,1,7420562646220475649,0
10/4/24,3:49:39,0:00:02,2,7421726117884661023,0
10/4/24,3:49:41,0:00:11,11,7421589265085222150,0
10/4/24,3:49:52,0:00:26,26,7421582832511880478,0
10/4/24,3:50:18,0:00:09,9,7420526818953940270,0
10/4/24,3:50:27,0:00:04,4,7417295775455071518,0
10/4/24,3:50:31,0:00:01,1,7406004788338396433,0
10/4/24,3:50:32,0:00:15,15,7419809282419330334,0
10/4/24,3:50:47,0:00:03,3,7421690770240998702,0
10/4/24,3:50:50,0:00:10,10,7421169766989122846,0
10/4/24,3:51:00,0:00:19,19,7419035258089245985,0
10/4/24,3:51:19,0:00:02,2,7421692257939492139,0
10/4/24,3:51:21,0:00:13,13,7421729829227121962,0
10/4/24,3:51:34,0:00:03,3,7421384708061187371,0
10/4/24,3:51:37,0:00:02,2,7416028540115668225,0
10/4/24,3:51:39,0:00:06,6,7418056061095103775,0
10/4/24,3:51:45,0:00:08,8,7421660459905961246,0
10/4/24,3:51:53,0:00:07,7,7421642968026778926,0
10/4/24,3:52:00,0:00:38,38,7421590138351979822,0
10/4/24,3:52:38,0:00:10,10,7408718094098582791,0
10/4/24,3:52:48,0:00:17,17,7419170134566227231,0
10/4/24,3:53:05,0:00:05,5,7421709858224803114,0
10/4/24,3:53:10,0:00:03,3,7411229771528424746,0
10/4/24,3:53:13,0:00:07,7,7421339052420386090,0
10/4/24,3:53:20,0:00:30,30,7421558523215039786,0
10/4/24,3:53:50,0:00:02,2,7420532982840184081,0
10/4/24,3:53:52,0:00:15,15,7421568615436094762,0
10/4/24,3:54:07,0:00:11,11,7421419574286896390,0
10/4/24,3:54:18,0:00:25,25,7421351060268371246,0
10/4/24,3:54:43,0:00:03,3,7420477582329515297,0
10/4/24,3:54:46,0:00:03,3,7421756626513988910,0
10/4/24,3:54:49,0:00:12,12,7420743955165400327,0
10/4/24,3:55:01,0:00:00,0,7418525297181494574,0
10/4/24,3:55:01,0:00:02,2,7395624193821248784,0
10/4/24,3:55:03,0:00:03,3,7421590896715549994,0
10/4/24,3:55:06,0:00:05,5,7421201871852932394,0
10/4/24,3:55:11,0:00:02,2,7421763415255026990,0
10/4/24,3:55:13,0:00:07,7,7421657254081858849,0
10/4/24,3:55:20,0:00:02,2,7411545494863891728,0
10/4/24,3:55:22,0:00:14,14,7421365367425010950,0
10/4/24,3:55:36,0:00:01,1,7421759814176345375,0
10/4/24,3:55:37,0:00:06,6,7421559884346297643,0
10/4/24,3:55:43,0:00:06,6,7421531554054163718,0
10/4/24,3:55:49,0:00:02,2,7421308492046142766,0
10/4/24,3:55:51,0:00:01,1,7420472636469202192,0
10/4/24,3:55:52,0:00:01,1,7420218547785256238,0
10/4/24,3:55:53,0:00:02,2,7421626258678680874,0
10/4/24,3:55:55,0:00:34,34,7396092246493334790,0
10/4/24,3:56:29,0:00:07,7,7421365168052981023,0
10/4/24,3:56:36,0:00:31,31,7404884352745704705,0
10/4/24,3:57:07,0:00:06,6,7420995648201264390,0
10/4/24,3:57:13,0:00:01,1,7408888930721991953,0
10/4/24,3:57:14,0:00:06,6,7421018919097404715,0
10/4/24,3:57:20,0:00:02,2,7420997078244937003,0
10/4/24,3:57:22,0:00:03,3,7421551676206714154,0
10/4/24,3:57:25,0:00:10,10,7421420102140054815,0
10/4/24,3:57:35,0:01:45,105,7417546993989373214,0
10/4/24,3:59:20,0:00:00,0,7407545913352129808,0
10/4/24,3:59:20,0:00:02,2,7418727549234154795,0
10/4/24,3:59:22,0:00:05,5,7419198141381020948,0
10/4/24,3:59:27,0:00:03,3,7421398823764774174,0
10/4/24,3:59:30,0:00:01,1,7421340043102506273,0
10/4/24,3:59:31,0:00:05,5,7421282462527016235,0
10/4/24,3:59:36,0:00:01,1,7417646634114272542,0
10/4/24,3:59:37,0:00:00,0,7417693117085699371,0
10/4/24,3:59:37,0:00:06,6,7411588687395376401,0
10/4/24,3:59:43,0:00:06,6,7421281699255848223,0
10/4/24,3:59:49,0:00:15,15,7420766285681757472,0
10/4/24,4:00:04,0:00:01,1,7421172008953662762,0
10/4/24,4:00:05,0:00:06,6,7420300473162403105,0
10/4/24,4:00:11,0:00:05,5,7421683696945810734,0
10/4/24,4:00:16,0:00:01,1,7416067880002800912,0
10/4/24,4:00:17,0:00:06,6,7421682596117024042,0
10/4/24,4:00:23,0:00:02,2,7421611286431190318,0
10/4/24,4:00:25,0:00:17,17,7421409589809253675,0
10/4/24,4:00:42,0:00:15,15,7419169203124456735,0
10/4/24,4:00:57,0:00:07,7,7396691961731632416,0
10/4/24,4:01:04,0:00:01,1,7420548271447313680,0
10/4/24,4:01:05,0:00:02,2,7419147116158668075,0
10/4/24,4:01:07,0:00:04,4,7421310608643067166,0
10/4/24,4:01:11,0:00:02,2,7408316131359968554,0
10/4/24,4:01:13,0:00:16,16,7421697398222769451,0
10/4/24,4:01:29,0:00:01,1,7415387145650638110,0
10/4/24,4:01:30,0:00:01,1,7413402113906150673,0
10/4/24,4:01:31,0:00:01,1,7415977771005922591,0
10/4/24,4:01:32,0:00:06,6,7421682990037650730,0
10/4/24,4:01:38,0:00:01,1,7398947079336250656,0
10/4/24,4:01:39,0:00:09,9,7421716728159178026,0
10/4/24,4:01:48,0:00:10,10,7421492636567096619,0
10/4/24,4:01:58,0:00:01,1,7421625288011959569,0
10/4/24,4:01:59,0:00:02,2,7421600381500804394,0
10/4/24,4:02:01,0:00:03,3,7421615257480891694,0
10/4/24,4:02:04,0:00:04,4,7417489779119394094,0
10/4/24,4:02:08,0:00:02,2,7421289583297531178,0
10/4/24,4:02:10,0:00:02,2,7415417722051235102,0
10/4/24,4:02:12,0:00:06,6,7417485861882694942,0
10/4/24,4:02:18,0:00:01,1,7421040601409260831,0
10/4/24,4:02:19,0:00:39,39,7411983456810306849,0
10/4/24,4:02:58,0:00:29,29,7416557485353454891,0
10/4/24,4:03:27,0:00:18,18,7421630826498002218,0
10/4/24,4:03:45,0:00:04,4,7421343829208354090,0
10/4/24,4:03:49,0:00:02,2,7417233120812010798,0
10/4/24,4:03:51,0:00:04,4,7421260090319097118,0
10/4/24,4:03:55,0:00:03,3,7421273262870531370,0
10/4/24,4:03:58,0:00:04,4,7421295878872304929,0
10/4/24,4:04:02,0:00:18,18,7421429597700492586,0
10/4/24,4:04:20,0:00:01,1,7419386373892820241,0
10/4/24,4:04:21,0:00:04,4,7410853704737262880,0
10/4/24,4:04:25,0:00:03,3,7407119887677656362,0
10/4/24,4:04:28,0:00:03,3,7421163827686821151,0
10/4/24,4:04:31,0:00:02,2,7421701447403769134,0
10/4/24,4:04:33,0:00:07,7,7394197190165466411,0
10/4/24,4:04:40,0:00:01,1,7416096550843092240,0
10/4/24,4:04:41,0:00:12,12,7419560859485228310,0
10/4/24,4:04:53,0:00:10,10,7421376924733181226,0
10/4/24,4:05:03,0:00:06,6,7402404993644383518,0
10/4/24,4:05:09,0:00:02,2,7413763576764173611,0
10/4/24,4:05:11,0:00:03,3,7421596417275219243,0
10/4/24,4:05:14,0:00:10,10,7421296553588952363,0
10/4/24,4:05:24,0:00:07,7,7420814350228688171,0
10/4/24,4:05:31,0:00:09,9,7420892220032552222,0
10/4/24,4:05:40,0:00:05,5,7421677935708654894,0
10/4/24,4:05:45,0:00:11,11,7420888146893671710,0
10/4/24,4:05:56,0:00:06,6,7421592826686770465,0
10/4/24,4:06:02,0:00:01,1,7400059515481214209,0
10/4/24,4:06:03,0:00:03,3,7396733625502321953,0
10/4/24,4:06:06,0:00:21,21,7421371119367769377,0
10/4/24,4:06:27,0:00:03,3,7418089173002898718,0
10/4/24,4:06:30,0:00:03,3,7418055519748754694,0
10/4/24,4:06:33,0:00:07,7,7420075448337517857,0
10/4/24,4:06:40,0:00:01,1,7418643079814565121,0
10/4/24,4:06:41,0:00:02,2,7421033807215725854,0
10/4/24,4:06:43,0:00:08,8,7420927889870245151,0
10/4/24,4:06:51,0:00:01,1,7421264353069911327,0
10/4/24,4:06:52,0:00:04,4,7421629505350978847,0
10/4/24,4:06:56,0:00:02,2,7421417650804247850,0
10/4/24,4:06:58,0:00:03,3,7421695120178695466,0
10/4/24,4:07:01,0:00:00,0,7421651099674742046,0
10/4/24,4:07:01,0:00:09,9,7410837534319676714,0
10/4/24,4:07:10,0:00:07,7,7421635231754636576,0
10/4/24,4:07:17,0:00:01,1,7421515135237246238,0
10/4/24,4:07:18,0:00:05,5,7414545461039697195,0
10/4/24,4:07:23,0:00:08,8,7421236341129710891,0
10/4/24,4:07:31,0:00:01,1,7415303500369857809,0
10/4/24,4:07:32,0:00:09,9,7421418251592289582,0
10/4/24,4:07:41,0:00:02,2,7421499043353726230,0
10/4/24,4:07:43,0:00:07,7,7420136847927495979,0
10/4/24,4:07:50,0:00:16,16,7417540359963675947,0
10/4/24,4:08:06,0:00:02,2,7416772417432931626,0
10/4/24,4:08:08,0:00:01,1,7362201646748683566,0
10/4/24,4:08:09,0:00:10,10,7418690655855185194,0
10/4/24,4:08:19,0:00:15,15,7418435021486230826,0
10/4/24,4:08:34,0:00:04,4,7420822711066299690,0
10/4/24,4:08:38,0:00:14,14,7417983171033091371,0
10/4/24,4:08:52,0:00:01,1,7421248492812700970,0
10/4/24,4:08:53,0:00:02,2,7420470778862308609,0
10/4/24,4:08:55,0:00:05,5,7419193840931769608,0
10/4/24,4:09:00,0:00:15,15,7418747830702968106,0
10/4/24,4:09:15,0:00:17,17,7392175117805030663,0
10/4/24,4:09:32,0:00:20,20,7410219041098353951,0
10/4/24,4:09:52,0:00:02,2,7415755582906502406,0
10/4/24,4:09:54,0:00:01,1,7395596289708248363,0
10/4/24,4:09:55,0:00:02,2,7416366831469989166,0
10/4/24,4:09:57,0:00:13,13,7421590019124563243,0
10/4/24,4:10:10,0:00:03,3,7416827434907061536,0
10/4/24,4:10:13,0:00:10,10,7420730656034016519,0
10/4/24,4:10:23,0:00:11,11,7421214642141154590,0
10/4/24,4:10:34,0:00:08,8,7420973056958516510,0
10/4/24,4:10:42,0:00:06,6,7421680337316597034,0
10/4/24,4:10:48,0:00:08,8,7418982538179317024,0
10/4/24,4:10:56,0:00:04,4,7421711393855933726,0
10/4/24,4:11:00,0:00:03,3,7420796408669687071,0
10/4/24,4:11:03,0:00:10,10,7418901222582684960,0
10/4/24,4:11:13,0:00:01,1,7408192599187524907,0
10/4/24,4:11:14,0:00:07,7,7421697869091966239,0
10/4/24,4:11:21,0:00:06,6,7421581112838868270,0
10/4/24,4:11:27,0:00:13,13,7421615605297597728,0
10/4/24,4:11:40,0:00:04,4,7421647840415354155,0
10/4/24,4:11:44,0:00:05,5,7421607297681575198,0
10/4/24,4:11:49,0:00:02,2,7418735172675308842,0
10/4/24,4:11:51,0:00:00,0,7418660787717197102,0
10/4/24,4:11:51,0:00:02,2,7408652158662462737,0
10/4/24,4:11:53,0:00:12,12,7421498546852990250,0
10/4/24,4:12:05,0:00:03,3,7421263990606679338,0
10/4/24,4:12:08,0:00:10,10,7420994021868375342,0
10/4/24,4:12:18,0:00:02,2,7421311675833388319,0
10/4/24,4:12:20,0:00:13,13,7421655146498772256,0
10/4/24,4:12:33,0:00:10,10,7401969861389339937,0
10/4/24,4:12:43,0:00:03,3,7398958306141818144,0
10/4/24,4:12:46,0:00:03,3,7421578422687796526,0
10/4/24,4:12:49,0:00:06,6,7420994296632986898,0
10/4/24,4:12:55,0:00:49,49,7421313507393555754,0
10/4/24,4:13:44,0:00:02,2,7418409732215541034,0
10/4/24,4:13:46,0:00:01,1,7411609991712427307,0
10/4/24,4:13:47,0:00:04,4,7421396635869023530,0
10/4/24,4:13:51,0:00:03,3,7420214502572068142,0
10/4/24,4:13:54,0:00:11,11,7421673189836737838,0
10/4/24,4:14:05,0:00:09,9,7411354509332450603,0
10/4/24,4:14:14,0:00:11,11,7412574005389036833,0
10/4/24,4:14:25,0:00:01,1,7400161390117326096,0
10/4/24,4:14:26,0:00:03,3,7421224041761197358,0
10/4/24,4:14:29,0:00:07,7,7400105911034891550,0
10/4/24,4:14:36,0:00:04,4,7421214283599498539,0
10/4/24,4:14:40,0:00:10,10,7405579687423905070,0
10/4/24,4:14:50,0:00:21,21,7421516188653620526,0
10/4/24,4:15:11,0:00:01,1,7420494832675736833,0
10/4/24,4:15:12,0:00:05,5,7418946950369643819,0
10/4/24,4:15:17,0:00:01,1,7416374811334642975,0
10/4/24,4:15:18,0:00:03,3,7421345192319503658,0
10/4/24,4:15:21,0:00:02,2,7421675492639624490,0
10/4/24,4:15:23,0:00:02,2,7415806980847045930,0
10/4/24,4:15:25,0:00:01,1,7414168624522480913,0
10/4/24,4:15:26,0:00:02,2,7416536556237835562,0
10/4/24,4:15:28,0:00:02,2,7420906840755637537,0
10/4/24,4:15:30,0:00:07,7,7421372908687215915,0
10/4/24,4:15:37,0:00:15,15,7403786927616445739,0
10/4/24,4:15:52,0:00:10,10,7420364732047052064,0
10/4/24,4:16:02,0:00:01,1,7416382049512213776,0
10/4/24,4:16:03,0:00:08,8,7421380373038238981,0
10/4/24,4:16:11,0:00:08,8,7420160529823501610,0
10/4/24,4:16:19,0:00:31,31,7421570411923639582,0
10/4/24,4:16:50,0:00:02,2,7421307258585369902,0
10/4/24,4:16:52,0:00:08,8,7421378543554252075,0
10/4/24,4:17:00,0:00:01,1,7421617900496178448,0
10/4/24,4:17:01,0:00:04,4,7418688784226667819,0
10/4/24,4:17:05,0:00:15,15,7419057504828673323,0
10/4/24,4:17:20,0:00:05,5,7421727197389393170,0
10/4/24,4:17:25,0:00:23,23,7421549693018180869,0
10/4/24,4:17:48,0:00:09,9,7421373120570740011,0
10/4/24,4:17:57,0:00:01,1,7411545497812389121,0
10/4/24,4:17:58,0:00:10,10,7410664043796499742,0
10/4/24,4:18:08,0:00:04,4,7421379910091935006,0
10/4/24,4:18:12,0:00:06,6,7419353764378725663,0
10/4/24,4:18:18,0:00:04,4,7409760010453962017,0
10/4/24,4:18:22,0:00:01,1,7415234374997740842,0
10/4/24,4:18:23,0:00:01,1,7350000212699663618,0
10/4/24,4:18:24,0:00:01,1,7417534182475271430,0
10/4/24,4:18:25,0:00:03,3,7421361515510402335,0
10/4/24,4:18:28,0:00:13,13,7407683369435237678,0
10/4/24,4:18:41,0:00:01,1,7415768279211396398,0
10/4/24,4:18:42,0:00:05,5,7420789017395875102,0
10/4/24,4:18:47,0:00:01,1,7418606583329951007,0
10/4/24,4:18:48,0:00:12,12,7421169222383963424,0
10/4/24,4:19:00,0:00:02,2,7421751242025618731,0
10/4/24,4:19:02,0:00:13,13,7420432223070883103,0
10/4/24,4:19:15,0:00:12,12,7421504126032284961,0
10/4/24,4:19:27,0:00:13,13,7417456075307306260,0
10/4/24,4:19:40,0:00:01,1,7416175540924583214,0
10/4/24,4:19:41,0:00:01,1,7411588710904417537,0
10/4/24,4:19:42,0:00:02,2,7416123745611402526,0
10/4/24,4:19:44,0:00:07,7,7419774886832360747,0
10/4/24,4:19:51,0:00:00,0,7421725052347059502,0
10/4/24,4:19:51,0:00:04,4,7418299190217887019,0
10/4/24,4:19:55,0:00:13,13,7421324596676169003,0
10/4/24,4:20:08,1:26:22,no data,7421531916815568174,0
10/4/24,5:46:30,0:00:00,0,7421587820403232042,0
10/4/24,5:46:30,0:00:02,2,7421769137548102958,0
10/4/24,5:46:32,0:00:01,1,7402338429305883934,0
10/4/24,5:46:33,0:00:03,3,7418697963372891423,0
10/4/24,5:46:36,0:00:10,10,7416458966701509919,0
10/4/24,5:46:46,0:00:52,52,7404723663410384144,0
10/4/24,5:47:38,0:00:26,26,7421311089859775776,0
10/4/24,5:48:04,0:00:23,23,7414969563818822945,0
10/4/24,5:48:27,0:00:08,8,7408273467419675921,0
10/4/24,5:48:35,0:00:01,1,7421731414900526379,0
10/4/24,5:48:36,0:00:13,13,7421360779003202862,0
10/4/24,5:48:49,0:00:30,30,7421783765896318254,0
10/4/24,5:49:19,0:00:03,3,7421407944979287301,0
10/4/24,5:49:22,0:00:09,9,7419065893684038954,0
10/4/24,5:49:31,0:00:01,1,7418260638910237953,0
10/4/24,5:49:32,0:00:10,10,7421352539645316395,0
10/4/24,5:49:42,0:00:02,2,7406082152372178219,0
10/4/24,5:49:44,0:00:44,44,7421178726655839520,0
10/4/24,5:50:28,0:00:02,2,7421686663828491551,0
10/4/24,5:50:30,0:00:16,16,7421744555524951326,0
10/4/24,5:50:46,0:00:06,6,7415346867971673387,0
10/4/24,5:50:52,0:00:01,1,7395596549469769006,0
10/4/24,5:50:53,0:00:03,3,7416770105092148512,0
10/4/24,5:50:56,0:00:29,29,7421206751812259118,0
10/4/24,5:51:25,0:00:08,8,7421659669703167262,0
10/4/24,5:51:33,0:00:07,7,7421672767298342174,0
10/4/24,5:51:40,0:00:03,3,7421775833364270379,0
10/4/24,5:51:43,0:00:18,18,7412434235849477382,0
10/4/24,5:52:01,0:00:01,1,7421579913301363969,0
10/4/24,5:52:02,0:00:01,1,7421758367099735342,0
10/4/24,5:52:03,0:00:29,29,7412401293886508330,0
10/4/24,5:52:32,0:00:19,19,7418584442802900257,0
10/4/24,5:52:51,0:00:14,14,7418973350912855339,0
10/4/24,5:53:05,0:00:07,7,7421557599285415175,0
10/4/24,5:53:12,0:00:01,1,7400094182276189441,0
10/4/24,5:53:13,0:00:30,30,7403784369304915246,0
10/4/24,5:53:43,0:00:03,3,7421209572032908586,0
10/4/24,5:53:46,0:00:23,23,7405976328920517930,0
10/4/24,5:54:09,0:00:05,5,7421377143122267434,0
10/4/24,5:54:14,0:00:03,3,7417110034825383199,0
10/4/24,5:54:17,0:00:01,1,7407545913352162576,0
10/4/24,5:54:18,0:00:06,6,7415418233408261406,0
10/4/24,5:54:24,0:00:39,39,7393058051726740782,0
10/4/24,5:55:03,0:00:02,2,7418596958337568032,0
10/4/24,5:55:05,0:00:02,2,7421691422622928170,0
10/4/24,5:55:07,0:00:06,6,7421583726963952938,0
10/4/24,5:55:13,0:00:05,5,7420231210451979551,0
10/4/24,5:55:18,0:00:01,1,7408768751937522974,0
10/4/24,5:55:19,0:00:17,17,7421016982411070763,0
10/4/24,5:55:36,0:00:35,35,7421266983787728171,0
10/4/24,5:56:11,0:00:12,12,7421330008230169887,0
10/4/24,5:56:23,0:00:06,6,7421587102875405599,0
10/4/24,5:56:29,0:00:16,16,7418700451559918878,0
10/4/24,5:56:45,0:00:26,26,7421559886154108206,0
10/4/24,5:57:11,0:00:43,43,7421358546165583146,0
10/4/24,5:57:54,0:00:16,16,7421699983184760095,0
10/4/24,5:58:10,0:00:13,13,7421059469615844650,0
10/4/24,5:58:23,0:00:12,12,7417728364280089861,0
10/4/24,5:58:35,0:00:01,1,7402354863788674321,0
10/4/24,5:58:36,0:00:10,10,7419323358182919467,0
10/4/24,5:58:46,0:00:09,9,7421557727874370846,0
10/4/24,5:58:55,0:00:12,12,7400142427731840262,0
10/4/24,5:59:07,0:00:37,37,7421342895493352734,0
10/4/24,5:59:44,0:00:26,26,7421549907464457515,0
10/4/24,6:00:10,0:00:01,1,7416836134287756560,0
10/4/24,6:00:11,0:00:06,6,7392235954473389317,0
10/4/24,6:00:17,0:00:03,3,7421686665334361390,0
10/4/24,6:00:20,0:00:07,7,7420926016933383470,0
10/4/24,6:00:27,0:00:21,21,7409890174257220895,0
10/4/24,6:00:48,0:00:11,11,7416854699795615019,0
10/4/24,6:00:59,0:00:02,2,7420840643771010305,0
10/4/24,6:01:01,0:00:03,3,7420089337892605214,0
10/4/24,6:01:04,0:00:20,20,7417589345135250730,0
10/4/24,6:01:24,0:00:17,17,7421691590256758062,0
10/4/24,6:01:41,0:00:07,7,7417862379364470034,0
10/4/24,6:01:48,0:00:07,7,7421691305312537886,0
10/4/24,6:01:55,0:00:01,1,7419008296348159233,0
10/4/24,6:01:56,0:00:04,4,7421684501274889518,0
10/4/24,6:02:00,0:00:11,11,7416529593915477290,0
10/4/24,6:02:11,0:00:12,12,7421346092429757727,0
10/4/24,6:02:23,0:00:07,7,7421364367679114542,0
10/4/24,6:02:30,0:00:05,5,7418635058405231918,0
10/4/24,6:02:35,0:00:01,1,7417877243629702416,0
10/4/24,6:02:36,0:00:05,5,7417127241701707039,0
10/4/24,6:02:41,0:00:06,6,7421713961160166698,0
10/4/24,6:02:47,0:00:04,4,7420951776494554414,0
10/4/24,6:02:51,0:00:10,10,7421760625682042142,0
10/4/24,6:03:01,0:00:00,0,7419036100548758785,0
10/4/24,6:03:01,0:00:01,1,7421371612915682603,0
10/4/24,6:03:02,0:00:14,14,7421566800439102763,0
10/4/24,6:03:16,0:00:08,8,7421323920667692318,0
10/4/24,6:03:24,0:00:03,3,7420920759528213802,0
10/4/24,6:03:27,0:00:11,11,7421782267653000491,0
10/4/24,6:03:38,0:00:05,5,7416136635676478751,0
10/4/24,6:03:43,0:00:01,1,7413785306916261137,0
10/4/24,6:03:44,0:00:02,2,7417202460621638943,0
10/4/24,6:03:46,0:00:18,18,7411348266610068767,0
10/4/24,6:04:04,0:00:13,13,7413757328018656544,0
10/4/24,6:04:17,0:00:56,56,7418602302073769248,0
10/4/24,6:05:13,0:00:05,5,7418592531006459179,0
10/4/24,6:05:18,0:00:01,1,7419454731107683630,0
10/4/24,6:05:19,0:00:01,1,7414162772969245968,0
10/4/24,6:05:20,0:00:10,10,7421598971975585066,0
10/4/24,6:05:30,0:00:31,31,7421560015619738911,0
10/4/24,6:06:01,0:00:02,2,7403187883277815057,0
10/4/24,6:06:03,0:00:03,3,7419062464647564575,0
10/4/24,6:06:06,0:00:02,2,7418237239433432366,0
10/4/24,6:06:08,0:00:00,0,7418716929881328939,0
10/4/24,6:06:08,0:00:07,7,7403435669827226896,0
10/4/24,6:06:15,0:00:02,2,7421330741696515359,0
10/4/24,6:06:17,0:00:06,6,7418642036326173982,0
10/4/24,6:06:23,0:00:02,2,7415775257484610859,0
10/4/24,6:06:25,0:00:32,32,7421638869763755306,0
10/4/24,6:06:57,0:00:01,1,7421178446073695504,0
10/4/24,6:06:58,0:00:09,9,7421260817980525854,0
10/4/24,6:07:07,0:00:03,3,7421644879610023173,0
10/4/24,6:07:10,0:00:06,6,7421522022489935146,0
10/4/24,6:07:16,6:59:59,no data,7421693432415997227,0
10/4/24,13:07:15,0:00:13,13,7420998439409880325,0
10/4/24,13:07:28,0:00:33,33,7417915288278158625,0
10/4/24,13:08:01,0:00:06,6,7420975891271994666,0
10/4/24,13:08:07,0:00:02,2,7419936133477436703,0
10/4/24,13:08:09,0:00:05,5,7421289656723033377,0
10/4/24,13:08:14,0:00:06,6,7420801002929917217,0
10/4/24,13:08:20,0:00:03,3,7418913804764925216,0
10/4/24,13:08:23,0:00:07,7,7421565101221661995,0
10/4/24,13:08:30,0:00:01,1,7412367087886208262,0
10/4/24,13:08:31,0:00:10,10,7421264112937700639,0
10/4/24,13:08:41,0:00:05,5,7419111479900769567,0
10/4/24,13:08:46,0:00:01,1,7421228628983237904,0
10/4/24,13:08:47,0:00:04,4,7418366809709104426,0
10/4/24,13:08:51,0:00:22,22,7399595815259442440,0
10/4/24,13:09:13,0:00:02,2,7421727649116081439,0
10/4/24,13:09:15,0:00:22,22,7421255249467428127,0
10/4/24,13:09:37,0:00:16,16,7421656387198930208,0
10/4/24,13:09:53,0:00:02,2,7412769343076945169,0
10/4/24,13:09:55,0:00:11,11,7421609188629171502,0
10/4/24,13:10:06,0:00:04,4,7420901841338240288,0
10/4/24,13:10:10,0:00:03,3,7421567734279900458,0
10/4/24,13:10:13,0:00:13,13,7407277041617259819,0
10/4/24,13:10:26,0:00:15,15,7421713809342991647,0
10/4/24,13:10:41,0:00:01,1,7407912169079115038,0
10/4/24,13:10:42,0:00:04,4,7421678098833296682,0
10/4/24,13:10:46,0:00:16,16,7421358926299467039,0
10/4/24,13:11:02,0:00:25,25,7421286507270491423,0
10/4/24,13:11:27,0:00:04,4,7421346733977799979,0
10/4/24,13:11:31,0:00:08,8,7420897185396559135,0
10/4/24,13:11:39,0:00:01,1,7414208538660162859,0
10/4/24,13:11:40,0:00:36,36,7418715492820569374,0
10/4/24,13:12:16,0:00:17,17,7420282217705835822,0
10/4/24,13:12:33,0:00:20,20,7421687358459890986,0
10/4/24,13:12:53,0:00:12,12,7420414000057371937,0
10/4/24,13:13:05,0:00:05,5,7421303062704180510,0
10/4/24,13:13:10,0:00:02,2,7416351712815992094,0
10/4/24,13:13:12,0:00:01,1,7417715798527003905,0
10/4/24,13:13:13,0:00:02,2,7417887038273244458,0
10/4/24,13:13:15,0:00:07,7,7421760754019519790,0
10/4/24,13:13:22,0:00:06,6,7421549157971741994,0
10/4/24,13:13:28,0:00:05,5,7421678767246019882,0
10/4/24,13:13:33,0:00:05,5,7421905313563036971,0
10/4/24,13:13:38,0:00:38,38,7420944416510201119,0
10/4/24,13:14:16,0:00:07,7,7416423898385829163,0
10/4/24,13:14:23,0:00:01,1,7420627485903080720,0
10/4/24,13:14:24,0:00:15,15,7421632358538874155,0
10/4/24,13:14:39,0:00:57,57,7392006521888066824,0
10/4/24,13:15:36,0:00:08,8,7421837833515601198,0
10/4/24,13:15:44,0:00:08,8,7419396291567897889,0
10/4/24,13:15:52,0:00:15,15,7421898812383563054,0
10/4/24,13:16:07,0:00:01,1,7408191806074047790,0
10/4/24,13:16:08,0:00:26,26,7418677786744753438,0
10/4/24,13:16:34,0:00:04,4,7408877082685558048,0
10/4/24,13:16:38,0:00:09,9,7421315151208533280,0
10/4/24,13:16:47,0:00:09,9,7421664085563051310,0
10/4/24,13:16:56,0:00:21,21,7421750335829560618,0
10/4/24,13:17:17,0:00:01,1,7416454233408539905,0
10/4/24,13:17:18,0:00:11,11,7421058753199394091,0
10/4/24,13:17:29,0:00:06,6,7420843277290687777,0
10/4/24,13:17:35,0:00:03,3,7421283660441193774,0
10/4/24,13:17:38,0:00:03,3,7417617944043130155,0
10/4/24,13:17:41,0:00:02,2,7420968979969215786,0
10/4/24,13:17:43,0:00:02,2,7419987647839440135,0
10/4/24,13:17:45,0:00:01,1,7420548272151891217,0
10/4/24,13:17:46,0:00:28,28,7420803078099684654,0
10/4/24,13:18:14,0:00:07,7,7420471108161342753,0
10/4/24,13:18:21,0:00:20,20,7413484264873921822,0
10/4/24,13:18:41,0:00:22,22,7421419290877889822,1
10/4/24,13:19:03,0:00:18,18,7421779084012686635,0
10/4/24,13:19:21,0:57:40,no data,7413151209214774529,0
10/4/24,14:17:01,0:00:04,4,7413732081953541407,0
10/4/24,14:17:05,0:00:19,19,7421685293574589742,0
10/4/24,14:17:24,0:00:04,4,7421764780731436318,0
10/4/24,14:17:28,0:00:01,1,7420924951122808080,0
10/4/24,14:17:29,0:00:25,25,7421318019990736170,0
10/4/24,14:17:54,0:00:08,8,7421293283135081759,0
10/4/24,14:18:02,0:00:13,13,7421045570896252202,0
10/4/24,14:18:15,0:00:12,12,7421622840329276714,0
10/4/24,14:18:27,0:00:04,4,7420586364049132831,0
10/4/24,14:18:31,0:00:01,1,7418678561990528272,0
10/4/24,14:18:32,0:00:02,2,7421377926886591749,0
10/4/24,14:18:34,0:00:08,8,7421349051066617131,0
10/4/24,14:18:42,0:00:02,2,7421518102417935649,0
10/4/24,14:18:44,0:00:01,1,7410832972867177729,0
10/4/24,14:18:45,0:37:22,no data,7421687454794665248,0
10/4/24,14:56:07,0:00:11,11,7421271481931418910,1
10/4/24,14:56:18,0:00:12,12,7421643763937824046,0
10/4/24,14:56:30,0:00:11,11,7421341405399764267,0
10/4/24,14:56:41,0:00:03,3,7413080335807778091,0
10/4/24,14:56:44,0:00:01,1,7421462665781923073,0
10/4/24,14:56:45,0:00:12,12,7421610920415202603,0
10/4/24,14:56:57,0:00:13,13,7420968994422787358,0
10/4/24,14:57:10,0:00:44,44,7421369163400203551,0
10/4/24,14:57:54,0:00:01,1,7421662287779450154,0
10/4/24,14:57:55,0:00:10,10,7421317043380587806,0
10/4/24,14:58:05,0:00:18,18,7403563213910019336,0
10/4/24,14:58:23,0:00:01,1,7419394490168905003,0
10/4/24,14:58:24,0:00:18,18,7421696781831982378,0
10/4/24,14:58:42,0:00:04,4,7421752407891201310,0
10/4/24,14:58:46,0:00:03,3,7421743404523982123,0
10/4/24,14:58:49,0:00:02,2,7417054107258686726,0
10/4/24,14:58:51,0:00:00,0,7421026989659770142,0
10/4/24,14:58:51,0:00:12,12,7348909734134615339,0
10/4/24,14:59:03,0:00:02,2,7421717804249894186,0
10/4/24,14:59:05,0:00:18,18,7421931557188865322,0
10/4/24,14:59:23,0:00:21,21,7421378267342605614,0
10/4/24,14:59:44,0:00:12,12,7421293014095645982,0
10/4/24,14:59:56,0:00:26,26,7421311488326929696,0
10/4/24,15:00:22,0:00:01,1,7403751683009875216,0
10/4/24,15:00:23,0:00:10,10,7421349883774356742,0
10/4/24,15:00:33,0:00:09,9,7421400655668989227,0
10/4/24,15:00:42,0:00:11,11,7421256777439644961,1
10/4/24,15:00:53,0:00:27,27,7420158710196063519,0
10/4/24,15:01:20,0:00:14,14,7421289570257341738,0
10/4/24,15:01:34,0:30:29,no data,7420498815314054431,0
10/4/24,15:32:03,0:00:06,6,7421348441210572075,0
10/4/24,15:32:09,0:01:44,104,7393344488904723744,1
10/4/24,15:33:53,0:00:02,2,7421729991206898990,0
10/4/24,15:33:55,0:00:08,8,7421309279912627487,0
10/4/24,15:34:03,0:00:01,1,7417842754970979601,0
10/4/24,15:34:04,0:00:15,15,7420161412690939178,0
10/4/24,15:34:19,0:00:11,11,7421514144995642670,0
10/4/24,15:34:30,0:00:51,51,7420579099455819014,1
10/4/24,15:35:21,0:00:10,10,7421195695182351662,0
10/4/24,15:35:31,0:00:13,13,7421639099880131883,0
10/4/24,15:35:44,0:00:08,8,7419081510008950047,0
10/4/24,15:35:52,0:00:01,1,7415717852952399105,0
10/4/24,15:35:53,0:00:07,7,7417981875794283806,0
10/4/24,15:36:00,0:00:27,27,7421890323384732970,0
10/4/24,15:36:27,0:00:05,5,7421209505699990826,0
10/4/24,15:36:32,0:00:08,8,7411203065732271393,0
10/4/24,15:36:40,0:00:01,1,7418817932462951696,0
10/4/24,15:36:41,0:00:42,42,7420974717097561377,0
10/4/24,15:37:23,0:00:22,22,7421269579957030186,0
10/4/24,15:37:45,0:00:16,16,7421206398731668767,1
10/4/24,15:38:01,0:00:24,24,7409413854737878304,1
10/4/24,15:38:25,0:00:11,11,7421357896346340654,0
10/4/24,15:38:36,0:00:02,2,7399952569453333761,0
10/4/24,15:38:38,0:00:10,10,7421285224442694958,0
10/4/24,15:38:48,0:00:06,6,7398947293757525280,0
10/4/24,15:38:54,0:00:09,9,7420718662467849479,0
10/4/24,15:39:03,0:00:08,8,7415397410798669098,0
10/4/24,15:39:11,0:00:12,12,7421857837816581418,0
10/4/24,15:39:23,0:00:01,1,7415440755990220049,0
10/4/24,15:39:24,0:00:32,32,7421196342606695726,0
10/4/24,15:39:56,0:00:12,12,7418948349262351658,0
10/4/24,15:40:08,0:28:29,no data,7420911080093797638,0
10/4/24,16:08:37,0:00:33,33,7421053168294923552,0
10/4/24,16:09:10,0:00:03,3,7421230700621303045,0
10/4/24,16:09:13,0:00:07,7,7419549116402797867,0
10/4/24,16:09:20,0:00:11,11,7396024709931863339,0
10/4/24,16:09:31,0:00:02,2,7417933010575641857,0
10/4/24,16:09:33,0:00:34,34,7421731710443785514,0
10/4/24,16:10:07,0:00:02,2,7411839333465918752,0
10/4/24,16:10:09,0:00:06,6,7411340698311527712,0
10/4/24,16:10:15,0:00:12,12,7417307021411716382,0
10/4/24,16:10:27,0:00:07,7,7421669210029395231,0
10/4/24,16:10:34,0:00:10,10,7418341658393103649,0
10/4/24,16:10:44,0:00:02,2,7412677562444401921,0
10/4/24,16:10:46,0:00:05,5,7419758846291217696,0
10/4/24,16:10:51,0:00:06,6,7421386445178277163,0
10/4/24,16:10:57,0:00:08,8,7421608130833845550,0
10/4/24,16:11:05,0:00:06,6,7418920531304500523,0
10/4/24,16:11:11,0:00:05,5,7421662770497686826,0
10/4/24,16:11:16,0:00:02,2,7400891259193199888,0
10/4/24,16:11:18,0:00:16,16,7421944629794393390,0
10/4/24,16:11:34,0:00:08,8,7421548971778133294,0
10/4/24,16:11:42,0:00:10,10,7421611921834659103,0
10/4/24,16:11:52,0:00:06,6,7416572686253493546,0
10/4/24,16:11:58,0:00:03,3,7421658460288306474,0
10/4/24,16:12:01,0:00:01,1,7418678561990511888,0
10/4/24,16:12:02,0:00:02,2,7421788639686020398,0
10/4/24,16:12:04,0:00:04,4,7420849967604026629,0
10/4/24,16:12:08,0:00:03,3,7420324585943371026,0
10/4/24,16:12:11,0:00:03,3,7421919931286998303,0
10/4/24,16:12:14,0:00:13,13,7417863696266890539,0
10/4/24,16:12:27,0:00:01,1,7417713203007786241,0
10/4/24,16:12:28,0:00:02,2,7417969374516120878,0
10/4/24,16:12:30,0:00:03,3,7421760184688676139,0
10/4/24,16:12:33,0:00:34,34,7421861088586763552,0
10/4/24,16:13:07,0:00:02,2,7421257764233661739,0
10/4/24,16:13:09,0:00:02,2,7421290131329535274,0
10/4/24,16:13:11,0:00:03,3,7419113213461073169,0
10/4/24,16:13:14,0:00:09,9,7412823223382936863,0
10/4/24,16:13:23,0:00:04,4,7420954198373682474,0
10/4/24,16:13:27,0:00:14,14,7408644107633003808,0
10/4/24,16:13:41,0:00:01,1,7421655407543897390,0
10/4/24,16:13:42,0:00:10,10,7420924782574603552,0
10/4/24,16:13:52,0:00:06,6,7417394144810683681,0
10/4/24,16:13:58,0:00:01,1,7420564916500712705,0
10/4/24,16:13:59,0:00:12,12,7420081472675089706,0
10/4/24,16:14:11,0:00:07,7,7416820059181468970,0
10/4/24,16:14:18,0:00:11,11,7420423495848299783,0
10/4/24,16:14:29,0:00:02,2,7421650350484000046,0
10/4/24,16:14:31,0:00:03,3,7416104789576060191,0
10/4/24,16:14:34,0:00:01,1,7408082955584769296,0
10/4/24,16:14:35,0:00:02,2,7418316841363213598,0
10/4/24,16:14:37,0:00:05,5,7421319693622873375,0
10/4/24,16:14:42,0:00:12,12,7421258702369426721,0
10/4/24,16:14:54,0:00:01,1,7417867925652081950,0
10/4/24,16:14:55,0:00:03,3,7421953869531368747,0
10/4/24,16:14:58,0:00:12,12,7421636068069461279,0
10/4/24,16:15:10,0:00:01,1,7397488940535565569,0
10/4/24,16:15:11,0:00:04,4,7421401981186493738,0
10/4/24,16:15:15,0:00:08,8,7420106546777967914,0
10/4/24,16:15:23,0:00:01,1,7420868300113988897,0
10/4/24,16:15:24,0:00:34,34,7421557897173257518,0
10/4/24,16:15:58,0:00:01,1,7421432053456964870,0
10/4/24,16:15:59,0:00:08,8,7421911940382969131,0
10/4/24,16:16:07,0:00:05,5,7421610257245359390,0
10/4/24,16:16:12,0:00:01,1,7412761014149647617,0
10/4/24,16:16:13,0:00:03,3,7419047121350823200,0
10/4/24,16:16:16,0:00:34,34,7408203681625165089,0
10/4/24,16:16:50,0:00:09,9,7406890180746988830,0
10/4/24,16:16:59,0:01:12,72,7410613451225304326,0
10/4/24,16:18:11,0:00:02,2,7394464394480012577,1
10/4/24,16:18:13,0:00:01,1,7419064128934890794,0
10/4/24,16:18:14,0:00:18,18,7414167946349579551,0
10/4/24,16:18:32,3:04:05,no data,7418613552761572651,0
10/4/24,19:22:37,0:00:06,6,7394119781948919070,0
10/4/24,19:22:43,0:00:10,10,7421587771573259563,0
10/4/24,19:22:53,0:00:34,34,7421667239788809518,0
10/4/24,19:23:27,0:03:47,227,7421720053403471147,0
10/4/24,19:27:14,0:00:03,3,7419051381983677742,0
10/4/24,19:27:17,0:00:00,0,7413446560631000353,0
10/4/24,19:27:17,0:00:01,1,7421936525467766058,0
10/4/24,19:27:18,0:00:00,0,7421365531204177194,0
10/4/24,19:27:18,0:00:01,1,7407549049877941547,0
10/4/24,19:27:19,0:00:01,1,7421316286245915934,0
10/4/24,19:27:20,0:00:00,0,7421262040192404737,0
10/4/24,19:27:20,0:00:01,1,7421884123742063914,0
10/4/24,19:27:21,0:00:01,1,7410868338303225131,0
10/4/24,19:27:22,0:00:00,0,7421950224307866885,0
10/4/24,19:27:22,0:00:01,1,7421923503097613611,0
10/4/24,19:27:23,0:00:00,0,7421911159244131615,0
10/4/24,19:27:23,0:00:01,1,7410209830415158558,0
10/4/24,19:27:24,0:00:02,2,7420593454121553182,0
10/4/24,19:27:26,0:00:03,3,7417568068844522782,0
10/4/24,19:27:29,0:00:14,14,7421954374517280043,0
10/4/24,19:27:43,0:00:02,2,7377043102940318977,0
10/4/24,19:27:45,0:00:06,6,7419254795019521312,0
10/4/24,19:27:51,0:00:05,5,7418379742279175466,0
10/4/24,19:27:56,0:00:00,0,7417702472405290270,0
10/4/24,19:27:56,0:00:11,11,7395268096459623681,0
10/4/24,19:28:07,0:00:12,12,7420410613764984094,0
10/4/24,19:28:19,0:00:07,7,7404466696922172705,0
10/4/24,19:28:26,0:00:15,15,7400031308409359647,0
10/4/24,19:28:41,0:00:02,2,7420560256717065515,0
10/4/24,19:28:43,0:00:12,12,7421564300160011553,0
10/4/24,19:28:55,0:00:01,1,7420532278322892033,0
10/4/24,19:28:56,0:00:08,8,7421953534502980910,0
10/4/24,19:29:04,0:00:08,8,7421944541328067871,0
10/4/24,19:29:12,0:00:03,3,7421563361130810655,0
10/4/24,19:29:15,0:09:58,no data,7421922153613905182,0
10/4/24,19:39:13,0:00:01,1,7375233718006385936,0
10/4/24,19:39:14,0:00:48,48,7420963522890222879,0
10/4/24,19:40:02,0:00:13,13,7420944659595234590,0
10/4/24,19:40:15,0:00:19,19,7420195133322202398,0
10/4/24,19:40:34,0:00:01,1,7421267995923680543,0
10/4/24,19:40:35,0:00:13,13,7420894526421749034,0
10/4/24,19:40:48,0:00:03,3,7419337751121677614,0
10/4/24,19:40:51,0:00:01,1,7420840667787611409,0
10/4/24,19:40:52,0:00:04,4,7418326068723043630,0
10/4/24,19:40:56,0:00:02,2,7396711768459939118,0
10/4/24,19:40:58,0:00:01,1,7416136471356165392,0
10/4/24,19:40:59,0:00:04,4,7420530698076867871,0
10/4/24,19:41:03,0:00:16,16,7419674018560642311,0
10/4/24,19:41:19,0:26:21,no data,7421240988330642694,0
10/4/24,20:07:40,0:00:08,8,7421313954225376554,0
10/4/24,20:07:48,0:00:04,4,7421756246904098090,0
10/4/24,20:07:52,0:00:11,11,7421872234051996974,0
10/4/24,20:08:03,0:00:08,8,7421928299544300842,0
10/4/24,20:08:11,0:00:01,1,7421689344424987921,0
10/4/24,20:08:12,0:00:18,18,7421684363290512670,0
10/4/24,20:08:30,0:00:10,10,7421235453371632942,0
10/4/24,20:08:40,0:00:56,56,7411198681094950174,0
10/4/24,20:09:36,0:00:04,4,7421219972669558046,0
10/4/24,20:09:40,0:00:19,19,7414934227562548513,0
10/4/24,20:09:59,0:00:02,2,7421560747529882911,0
10/4/24,20:10:01,0:00:01,1,7421163441454583086,0
10/4/24,20:10:02,0:00:07,7,7421160296586267935,0
10/4/24,20:10:09,0:00:01,1,7421170495829118251,0
10/4/24,20:10:10,0:00:06,6,7420492948510379270,0
10/4/24,20:10:16,0:00:08,8,7421657566826024234,0
10/4/24,20:10:24,0:00:10,10,7421981130108472622,0
10/4/24,20:10:34,0:00:01,1,7415770533293329681,0
10/4/24,20:10:35,0:00:13,13,7420937801828715807,0
10/4/24,20:10:48,0:00:19,19,7421546542827425054,0
10/4/24,20:11:07,0:00:12,12,7419615264024710433,0
10/4/24,20:11:19,0:00:01,1,7421177620882148624,0
10/4/24,20:11:20,0:00:04,4,7421597088674352415,0
10/4/24,20:11:24,0:00:11,11,7421709927925681450,0
10/4/24,20:11:35,0:00:05,5,7421771642877021483,0
10/4/24,20:11:40,0:00:06,6,7421208778764274977,0
10/4/24,20:11:46,0:00:01,1,7419395907973614849,0
10/4/24,20:11:47,0:00:07,7,7410125487382465824,0
10/4/24,20:11:54,0:00:04,4,7421314169711889695,0
10/4/24,20:11:58,0:00:09,9,7421271162199526689,0
10/4/24,20:12:07,0:00:03,3,7421917617876749610,0
10/4/24,20:12:10,0:00:01,1,7394520788268780843,0
10/4/24,20:12:11,0:00:09,9,7421603251151310123,0
10/4/24,20:12:20,0:00:10,10,7420921661597207814,0
10/4/24,20:12:30,0:00:04,4,7421959207085149471,0
10/4/24,20:12:34,0:00:12,12,7421321817375198507,0
10/4/24,20:12:46,0:00:00,0,7421961936096513310,0
10/4/24,20:12:46,0:00:05,5,7413840566003322129,0
10/4/24,20:12:51,0:00:01,1,7421534958902168874,0
10/4/24,20:12:52,0:00:32,32,7396587284398673168,0
10/4/24,20:13:24,0:00:09,9,7421954260616613163,0
10/4/24,20:13:33,0:00:00,0,7417915371765746986,0
10/4/24,20:13:33,0:00:16,16,7421231854352698640,0
10/4/24,20:13:49,0:00:01,1,7419404139714612523,0
10/4/24,20:13:50,0:00:06,6,7420905372023573790,0
10/4/24,20:13:56,0:00:13,13,7419031919771356422,0
10/4/24,20:14:09,0:00:01,1,7408975760423259409,0
10/4/24,20:14:10,0:00:01,1,7421372391000919326,0
10/4/24,20:14:11,0:34:11,no data,7420630680125574431,0
10/4/24,20:48:22,0:00:46,46,7420009395037162783,0
10/4/24,20:49:08,0:00:16,16,7410681341475294472,0
10/4/24,20:49:24,0:00:01,1,7419413417636793616,0
10/4/24,20:49:25,0:00:06,6,7421530278566415634,0
10/4/24,20:49:31,0:00:12,12,7421958729664400682,0
10/4/24,20:49:43,0:00:06,6,7421563130720947499,0
10/4/24,20:49:49,0:00:11,11,7408369519665745183,0
10/4/24,20:50:00,0:00:01,1,7410874523379092753,0
10/4/24,20:50:01,0:00:20,20,7419128774043733290,0
10/4/24,20:50:21,0:00:03,3,7418254402487602465,0
10/4/24,20:50:24,0:00:21,21,7391199729838722347,0
10/4/24,20:50:45,0:00:00,0,7421256189767372038,0
10/4/24,20:50:45,0:00:04,4,7419377189411474689,0
10/4/24,20:50:49,0:00:07,7,7421582800106736899,0
10/4/24,20:50:56,0:00:03,3,7418990060495752449,0
10/4/24,20:50:59,0:00:18,18,7421964544039275818,0
10/4/24,20:51:17,0:00:03,3,7421997515748248874,0
10/4/24,20:51:20,0:00:01,1,7418671311716699408,0
10/4/24,20:51:21,0:00:08,8,7422024199021071658,0
10/4/24,20:51:29,0:00:15,15,7414809495907437855,0
10/4/24,20:51:44,0:00:09,9,7421729040815492382,0
10/4/24,20:51:53,0:00:06,6,7421953496976608542,0
10/4/24,20:51:59,0:00:00,0,7421582112538561834,0
10/4/24,20:51:59,0:00:26,26,7408310039577955600,0
10/4/24,20:52:25,0:00:21,21,7417754138462768416,0
10/4/24,20:52:46,0:00:06,6,7420584884474826027,0
10/4/24,20:52:52,0:00:08,8,7420525335315418414,0
10/4/24,20:53:00,0:00:01,1,7397488936324549889,0
10/4/24,20:53:01,0:00:14,14,7421195285067484459,0
10/4/24,20:53:15,0:00:07,7,7421629803289201963,0
10/4/24,20:53:22,0:00:22,22,7421415536283766058,0
10/4/24,20:53:44,0:00:09,9,7417695677423095083,0
10/4/24,20:53:53,0:00:01,1,7418392719619329323,0
10/4/24,20:53:54,0:00:01,1,7411588687395392785,0
10/4/24,20:53:55,0:00:01,1,7420289580571626782,0
10/4/24,20:53:56,0:00:05,5,7415583055609384235,0
10/4/24,20:54:01,0:00:01,1,7421941774039403806,0
10/4/24,20:54:02,0:00:05,5,7421660413705588011,0
10/4/24,20:54:07,0:00:18,18,7421694628253928734,0
10/4/24,20:54:25,0:00:00,0,7421271519013211435,0
10/4/24,20:54:25,0:00:04,4,7400488351972871441,0
10/4/24,20:54:29,0:00:22,22,7422016614230658350,0
10/4/24,20:54:51,0:00:08,8,7407548813365316895,0
10/4/24,20:54:59,###############################################################################################################################################################################################################################################################,no data,7407933839365999914,0
10/5/24,17:00:40,0:00:03,3,7410449129064779041,0
10/5/24,17:00:43,0:00:11,11,7422077590061550890,1
10/5/24,17:00:54,0:01:00,60,7422127900633074986,1
10/5/24,17:01:54,0:00:03,3,7419458810290392353,0
10/5/24,17:01:57,0:00:03,3,7410221034651012370,0
10/5/24,17:02:00,0:00:14,14,7421819091561860394,0
10/5/24,17:02:14,0:00:08,8,7422064102832475434,0
10/5/24,17:02:22,0:00:01,1,7419348596039912737,0
10/5/24,17:02:23,0:00:12,12,7422047619347746091,0
10/5/24,17:02:35,0:00:03,3,7422136891501251883,0
10/5/24,17:02:38,0:00:26,26,7422037877996948768,0
10/5/24,17:03:04,0:00:04,4,7422008098577042720,0
10/5/24,17:03:08,0:00:01,1,7412699190574239008,0
10/5/24,17:03:09,0:00:08,8,7422035130707135790,0
10/5/24,17:03:17,0:00:17,17,7421714126373719338,1
10/5/24,17:03:34,0:00:12,12,7421985395304320288,0
10/5/24,17:03:46,0:00:07,7,7422063363213102366,0
10/5/24,17:03:53,0:00:06,6,7422134898414079263,0
10/5/24,17:03:59,0:00:01,1,7415999734768340241,0
10/5/24,17:04:00,0:00:18,18,7421950552180854058,0
10/5/24,17:04:18,0:00:07,7,7421737865387805994,0
10/5/24,17:04:25,0:00:16,16,7422058825055800618,1
10/5/24,17:04:41,0:00:42,42,7407254604859084048,1
10/5/24,17:05:23,0:00:52,52,7421660921728224554,0
10/5/24,17:06:15,0:00:01,1,7421248454107663617,0
10/5/24,17:06:16,0:00:21,21,7422082402127842590,0
10/5/24,17:06:37,0:00:10,10,7420889372540554538,0
10/5/24,17:06:47,0:00:12,12,7422061421254462766,0
10/5/24,17:06:59,0:00:05,5,7421967182021659910,0
10/5/24,17:07:04,0:00:32,32,7422037706546498862,1
10/5/24,17:07:36,0:00:02,2,7421764592956706081,0
10/5/24,17:07:38,0:00:01,1,7417928780448025857,0
10/5/24,17:07:39,0:00:06,6,7420976212123585823,0
10/5/24,17:07:45,0:00:15,15,7422053949966011670,1
10/5/24,17:08:00,0:00:17,17,7422322242836532510,0
10/5/24,17:08:17,0:00:01,1,7422041466811190559,0
10/5/24,17:08:18,0:00:16,16,7404436466341809441,0
10/5/24,17:08:34,0:00:04,4,7422014618895273258,0
10/5/24,17:08:38,0:00:10,10,7422133126534614314,0
10/5/24,17:08:48,0:00:09,9,7421640613893803269,0
10/5/24,17:08:57,0:00:01,1,7420532648809876737,0
10/5/24,17:08:58,0:00:07,7,7421651618891926815,0
10/5/24,17:09:05,0:00:14,14,7421954726641814830,0
10/5/24,17:09:19,0:00:10,10,7421975928869358878,0
10/5/24,17:09:29,0:00:09,9,7422029184127733038,0
10/5/24,17:09:38,0:00:02,2,7421741784360881454,0
10/5/24,17:09:40,0:00:16,16,7421983055390493955,0
10/5/24,17:09:56,0:00:02,2,7421627500159077649,0
10/5/24,17:09:58,0:00:01,1,7421970934623636782,0
10/5/24,17:09:59,0:00:07,7,7419081390358072607,0
10/5/24,17:10:06,0:40:36,no data,7422075806488317227,0
10/5/24,17:50:42,0:00:17,17,7421994445563874590,0
10/5/24,17:50:59,0:00:06,6,7422065571489008942,0
10/5/24,17:51:05,0:00:02,2,7422013125660019998,0
10/5/24,17:51:07,0:00:01,1,7407970157621955882,0
10/5/24,17:51:08,0:00:25,25,7422091300431842603,0
10/5/24,17:51:33,0:00:01,1,7420265133005458719,0
10/5/24,17:51:34,0:00:08,8,7422338567776521514,0
10/5/24,17:51:42,0:00:44,44,7422134221948325151,1
10/5/24,17:52:26,0:00:03,3,7421630903916498219,0
10/5/24,17:52:29,0:00:24,24,7422069004728159530,0
10/5/24,17:52:53,0:00:01,1,7416340328547896577,0
10/5/24,17:52:54,0:00:09,9,7422017738777857326,0
10/5/24,17:53:03,###############################################################################################################################################################################################################################################################,no data,7422047559029607726,1
10/7/24,2:37:33,0:00:01,1,7422002316817026347,0
10/7/24,2:37:34,2:04:34,no data,7421663318407974187,0
10/7/24,4:42:08,###############################################################################################################################################################################################################################################################,no data,7421984497417080094,0